Query,Expected Answer,Actual Answer,Query Match Score,Processed Time,Answer Matching Score,Results
How often I should change the password?,Password will expire after 45 days so you have to change the password before the end of the 45 days period.,Password will expire after 45 days so you have to change the password before the end of the 45 days period.,0.9527,0.049198150634765625,1.0,Pass
நான் எவ்வளவு அடிக்கடி கடவுச்சொல்லை மாற்ற வேண்டும்?," ""Password will expire after 45 days so you have to change the password before the end of the 45 days period.""", கடவுச்சொல் 45 நாட்களுக்குப் பிறகு காலாவதியாகிவிடும் எனவே 45 நாட்கள் முடிவதற்குள் கடவுச்சொல்லை மாற்ற வேண்டும்.,1.0,0.22583508491516113,0.13,Fail
Naan evalavu edikadi kadavusolai maatra vendum,Password will expire after 45 days so you have to change the password before the end of the 45 days period., 2. Contak kaṇakkukaḷ maṟṟum NTB kaṇakkukaḷukku iṭaiyilāṉa parivarttaṉaikaḷ uṭaṉaṭiyāka ceyyappaṭum 3. Maṟṟa vaṅkikaḷukku paṇam aṉuppappaṭum paṇam 3 nimiṭaṅkaḷil piṉvarum vaṅkikaḷ maṟṟum niti niṟuvaṉaṅkaḷiṉ paṭṭiyalil varavu vaikkappaṭum ilaṅkai makkaḷ vaṅki komarṣal vaṅki,0.479,0.06267619132995605,0.02,Fail
நான் evalauvu அடிக்கடி password change seiya vendum?,Password will expire after 45 days so you have to change the password before the end of the 45 days period., CVV அல்லது கார்டு சரிபார்ப்பு மதிப்பு என்பது உங்கள் கிரெடிட் கார்டின் பின்புறத்தில் உள்ள மூன்று இலக்க எண்ணாகும்.,0.496,0.09875988960266113,0.14,Fail
Can I change my PIN?,You can change your PIN through any BOC ATM. We always advice you to do so.,You can change your PIN through any BOC ATM. We always advice you to do so.,0.9726,0.04279732704162598,1.0,Pass
எனது பின்னை மாற்ற முடியுமா?,You can change your PIN through any BOC ATM. We always advice you to do so., ஏதேனும் பரிவர்த்தனை செய்ய உங்களிடம் சான்றிதழ் தேவை. இதுபோன்ற சந்தர்ப்பங்களில்  பின்வரும் ஆவணங்களுடன் நகல் சான்றிதழை நீங்கள் கோரலாம். ஒரு நோட்டரி ஜேபி மூலம் சான்றளிக்கப்பட்ட வைப்புதாரரிடமிருந்து முறையாக பூர்த்தி செய்யப்பட்ட உறுதிமொழிக் கடிதம் (ஒரு உறுதிமொழிப் பத்திரத்தின் மாதிரியை நிறுவனத்திடமிருந்து பெறலாம்),0.9697,0.15632176399230957,0.02,Fail
enathu pinai maatra mudiuma?,You can change your PIN through any BOC ATM. We always advice you to do so., 1. Kaṇakkiṉ vakaiyait tērnteṭuttu kaṇakku eṇṇai uḷḷiṭavum. 2. Aṭaiyāḷa aṭṭaiyiṉ vakaiyait tērnteṭuttu aṭaiyāḷa aṭṭai eṇṇai uḷḷiṭavum. 3.Tiraiyil tōṉṟum vitimuṟaikaḷ maṟṟum nipantaṉaikaḷuṭaṉ uṭaṉpāṭu allatu uṭaṉpāṭu illāmai. 4.Tiraiyil tōṉṟum ḥpiṣiṅ paṭaṅkaḷil oṉṟait tērnteṭukkavum. Ataṉ piṟaku oru taṉippaṭṭa coṟṟoṭarai uḷḷiṭavum 5. Kaṭavuccollai uḷḷiṭṭu atē kaṭavuccollai mīṇṭum uḷḷiṭavum 6. Aṇukal aḷavait tērnteṭukkavum vicāraṇai muḻu eṉpatait tērnteṭukka vēṇṭum. 7. Oru muṟai kaṭavuccol (OTP) peṟappaṭum ūṭakamāka SMS allatu miṉṉañcalait tērnteṭukka vēṇṭum. 8. OTP kōrikkaiyaik kiḷik ceyyavum 9. Kaṇiṉiyil OTP eṉa tōṉṟum iṭattil SMS allatu miṉṉañcal mūlam peṟappaṭṭa OTP aic cerukavum maṟṟum toṭaravum eṉpataik kiḷik ceyyavum 10. Pativu veṟṟikaramāka uḷḷatā allatu tōlviyaṭaintatā eṉpatait terivikkum aṟivippaip peṟuvīrkaḷ.,0.4162,0.05486607551574707,0.02,Fail
enathu pinai மாற்ற முடியுமா?," ""You can change your PIN through any BOC ATM. We always advice you to do so.""", எழுத்துப்பூர்வ கோரிக்கையை எங்கள் கிளைகளிடம் ஒப்படைக்கலாம் அல்லது எங்களிடம் அனுப்பலாம் (P.O. Box 73 Colombo). தனிப்பட்ட இணைய வங்கி (தொடர்பு மையம்) அல்லது உங்கள் கிரெடிட் கார்டின் பின்புறத்தில் கொடுக்கப்பட்டுள்ள எண்ணை அழைப்பதன் மூலமும் நீங்கள் கோரிக்கையைச் சமர்ப்பிக்கலாம்.,0.6133,0.10927581787109375,0.03,Fail
Can I use my BOC Credit Card overseas?,Yes. You can use your BOC credit card at any payment point which accepts Visa and MasterCard as payment networks.,Yes. You can use your BOC credit card at any payment point which accepts Visa and MasterCard as payment networks.,0.9697,0.04866623878479004,1.0,Pass
எனது BOC கிரெடிட் கார்டை நான் வெளிநாடுகளில் பயன்படுத்தலாமா?,Yes. You can use your BOC credit card at any payment point which accepts Visa and MasterCard as payment networks., ஆம். உங்கள் BOC கிரெடிட் கார்டை விசா மற்றும் மாஸ்டர்கார்டுகளை பேமெண்ட் நெட்வொர்க்குகளாக ஏற்றுக்கொள்ளும் எந்தப் பேமெண்ட் புள்ளியிலும் நீங்கள் பயன்படுத்தலாம்.,1.0,0.2315537929534912,0.15,Fail
enathu BOC credit cardi naan velinaadukalil payanpaduthalama?,"Yes. You can use your BOC credit card at any payment point which accepts Visa and MasterCard as payment networks.""""", Ām. Uṅkaḷ BOC kireṭiṭ kārṭai  vicā maṟṟum māsṭarkārṭukaḷai pēmeṇṭ neṭvorkkukaḷāka ēṟṟukkoḷḷum entap pēmeṇṭ puḷḷiyilum nīṅkaḷ payaṉpaṭuttalām.,0.5531,0.0732719898223877,0.23,Fail
எனது BOC credit cardi naan வெளிநாடுகளில் payanpaduththalama?,Yes. You can use your BOC credit card at any payment point which accepts Visa and MasterCard as payment networks., ஆம். உங்கள் BOC கிரெடிட் கார்டை விசா மற்றும் மாஸ்டர்கார்டுகளை பேமெண்ட் நெட்வொர்க்குகளாக ஏற்றுக்கொள்ளும் எந்தப் பேமெண்ட் புள்ளியிலும் நீங்கள் பயன்படுத்தலாம்.,0.6905,0.13530540466308594,0.15,Fail
How to download a Cyber Receipt?,1. Go to SelfManagement from top menu bar and select Online Activity 2.Find the online activity you prefer and click on the arrow key in front of the transaction to download the cyber receipt., 1. Go to SelfManagement from top menu bar and select Online Activity 2.Find the online activity you prefer and click on the arrow key in front of the transaction to download the cyber receipt.,0.9535,0.0495908260345459,1.0,Pass
சைபர் ரசீதை எவ்வாறு பதிவிறக்குவது,1. Go to SelfManagement from top menu bar and select Online Activity 2.Find the online activity you prefer and click on the arrow key in front of the transaction to download the cyber receipt., இல்லை. இவை எந்த முன் தேவைகளும் இல்லை.,0.9754,0.17856287956237793,0.06,Fail
cyber raseethai evaru pathivirakkuvathu,1. Go to SelfManagement from top menu bar and select Online Activity 2.Find the online activity you prefer and click on the arrow key in front of the transaction to download the cyber receipt.,Kaṭavuccol 08 12 eḻuttukkaḷaik koṇṭirukka vēṇṭum. Kuṟaintapaṭcam oru āṅkila mūlataṉam oru eḷiya eḻuttu oru ciṟappu ciṉṉam maṟṟum oru ilakkam atil cērkkappaṭa vēṇṭum.,0.4066,0.06056928634643555,0.14,Fail
Cyber receiptai எவ்வாறு downlaod seivathu,1. Go to SelfManagement from top menu bar and select Online Activity 2.Find the online activity you prefer and click on the arrow key in front of the transaction to download the cyber receipt., தேவையான அனைத்து தகவல் ஆவணங்களும் சமர்ப்பிக்கப்படுவதற்கு உட்பட்டு ஒரு நாளுக்குள் விண்ணப்பத்தை முடிக்க நாங்கள் கடமைப்பட்டுள்ளோம்.,0.5334,0.09301471710205078,0.01,Fail
how do I register online?,You can use your Debit card or credit Card issued by Nations Trust Bank with its PIN to register. This will provide you full capability without any restrictions. Please note incase you do not remember the PIN of your credit Card you still can register by entering the security code and the expiry date of the card. However in this case you can only perform own account fund transfers and inquiries only. By calling our 24 * 7 customer service hotline on 094 4711 411 you can get your self enabled for all the options in Nations Online Banking.,You can use your Debit card or credit Card issued by Nations Trust Bank with its PIN to register. This will provide you full capability without any restrictions. Please note incase you do not remember the PIN of your credit Card you still can register by entering the security code and the expiry date of the card. However in this case you can only perform own account fund transfers and inquiries only. By calling our 24 * 7 customer service hotline on 094 4711 411 you can get your self enabled for all the options in Nations Online Banking.,0.9623,0.04380655288696289,1.0,Pass
நான் எப்படி ஆன்லைனில் பதிவு செய்வது?,You can use your Debit card or credit Card issued by Nations Trust Bank with its PIN to register. This will provide you full capability without any restrictions. Please note incase you do not remember the PIN of your credit Card you still can register by entering the security code and the expiry date of the card. However in this case you can only perform own account fund transfers and inquiries only. By calling our 24 * 7 customer service hotline on 094 4711 411 you can get your self enabled for all the options in Nations Online Banking., ஆம். பின்வரும் தகவலுடன் உங்களுக்கு சான்றிதழ் வழங்கப்படும். டெபாசிட் கணக்கு எண் டெபாசிட் தேதி முதிர்வு தேதி வைப்புத்தொகையின் மதிப்பு டெபாசிட்டரின் பெயர்கள் அவர்களின் அடையாள விவரங்களுடன் வட்டி செலுத்தும் முறை டெபாசிட்டை நிர்வகிக்கும் விதிமுறைகள் மற்றும் நிபந்தனைகள்.,0.987,0.19184041023254395,0.01,Fail
naan epdai onlineil pathivu seivathu?,You can use your Debit card or credit Card issued by Nations Trust Bank with its PIN to register. This will provide you full capability without any restrictions. Please note incase you do not remember the PIN of your credit Card you still can register by entering the security code and the expiry date of the card. However in this case you can only perform own account fund transfers and inquiries only. By calling our 24 * 7 customer service hotline on 094 4711 411 you can get your self enabled for all the options in Nations Online Banking., Nīṅkaḷ ēṟkaṉavē ComBank Digital il cuyamākap pativu ceytiruntāl  ComBank Digital il pativu ceyyum pōtu nīṅkaḷ uruvākkiya payaṉar aiṭi maṟṟum kaṭavuccollaip payaṉpaṭuttavum.,0.3707,0.05428171157836914,0.12,Fail
naan எப்படி onlineil register seivathu?,You can use your Debit card or credit Card issued by Nations Trust Bank with its PIN to register. This will provide you full capability without any restrictions. Please note incase you do not remember the PIN of your credit Card you still can register by entering the security code and the expiry date of the card. However in this case you can only perform own account fund transfers and inquiries only. By calling our 24 * 7 customer service hotline on 094 4711 411 you can get your self enabled for all the options in Nations Online Banking., இலங்கைக்கு பணத்தை அனுப்புவதற்கு IBAN அவசியமில்லை  மேலும் SWIFT குறியீட்டுடன் கூடிய பின்வரும் தகவல்கள் சரியான பயனாளிகளின் விவரங்களுடன் தந்தி பரிமாற்றத்தை அனுப்ப போதுமானது.,0.4544,0.07701706886291504,0.03,Fail
How soon will payments made on line be realized or processed?,1. Bill payments telecommunication billers payment will get updated immediately Utility billers will be processed within 3 working days. 2. Transactions between Own accounts andwithin NTB accounts will be done immediately 3. Money sent to other banks  Money will get credited within 3 minutes to following list of banks and financial institutions Bank of Ceylon Peoples Bank Commercial Bank, 1. Bill payments telecommunication billers payment will get updated immediately Utility billers will be processed within 3 working days. 2. Transactions between Own accounts andwithin NTB accounts will be done immediately 3. Money sent to other banks  Money will get credited within 3 minutes to following list of banks and financial institutions Bank of Ceylon Peoples Bank Commercial Bank,0.9739,0.0505068302154541,1.0,Pass
ஆன்லைனில் செலுத்தப்படும் பணம் எவ்வளவு விரைவில் செயல்படுத்தப்படும் அல்லது செயல்படுத்தப்படும்?,"1. Bill payments telecommunication billers payment will get updated immediately Utility billers will be processed within 3 working days. 2. Transactions between Own accounts andwithin NTB accounts will be done immediately 3. Money sent to other banks  Money will get credited within 3 minutes to following list of banks and financial institutions Bank of Ceylon Peoples Bank Commercial Bank
onlineil seluththapadum pannam evvaluvu vitaivil seyalpaduththapadum alathu seyalpaduththapadum?""", 2. சொந்தக் கணக்குகள் மற்றும் NTB கணக்குகளுக்கு இடையிலான பரிவர்த்தனைகள் உடனடியாக செய்யப்படும் 3. மற்ற வங்கிகளுக்கு பணம் அனுப்பப்படும் பணம் 3 நிமிடங்களில் பின்வரும் வங்கிகள் மற்றும் நிதி நிறுவனங்களின் பட்டியலில் வரவு வைக்கப்படும் இலங்கை மக்கள் வங்கி கொமர்ஷல் வங்கி,1.0,0.23035216331481934,0.04,Fail
onlineil செலுத்தப்படும் பணம் evvaluvu vitaivil செயல்படுத்தப்படும் or செயல்படுத்தப்படும்?,1. Bill payments telecommunication billers payment will get updated immediately Utility billers will be processed within 3 working days. 2. Transactions between Own accounts andwithin NTB accounts will be done immediately 3. Money sent to other banks  Money will get credited within 3 minutes to following list of banks and financial institutions Bank of Ceylon Peoples Bank Commercial Bank, நீங்கள் ஏற்கனவே ComBank Digital இல் சுயமாகப் பதிவு செய்திருந்தால் ComBank Digital இல் பதிவு செய்யும் போது நீங்கள் உருவாக்கிய பயனர் ஐடி மற்றும் கடவுச்சொல்லைப் பயன்படுத்தவும்.,0.6214,0.22377324104309082,0.08,Fail
Can individuals open joint Fixed Deposit?,Yes. Deposit accounts can be opened by an individual in his own name or by more than one individual in their own names., Yes. Deposit accounts can be opened by an individual in his own name or by more than one individual in their own names.,0.9512,0.05195450782775879,1.0,Pass
தனிநபர்கள் கூட்டு நிலையான வைப்புத்தொகையைத் திறக்க முடியுமா?,Yes. Deposit accounts can be opened by an individual in his own name or by more than one individual in their own names., ஆம். டெபாசிட் கணக்குகளை ஒரு தனி நபர் தனது சொந்த பெயரில் அல்லது ஒன்றுக்கு மேற்பட்ட தனிநபர்கள் தங்கள் பெயரில் திறக்கலாம்.,1.0,0.22824883460998535,0.14,Fail
thaninabar kootu nilaiyana vaiputhokaiyai thiraka mudiuma?,Yes. Deposit accounts can be opened by an individual in his own name or by more than one individual in their own names., Maiṉariṉ peṟṟōr allatu kōrṭiyaṉ avar cārpāka toṭarpuṭaiya paṭivaṅkaḷai pūrtti ceyya vēṇṭum. Iruppiṉum maiṉar peyaril kaṇakku parāmarikkappaṭa vēṇṭum. Piṟappuc cāṉṟitaḻ kaṭṭāyam.,0.473,0.07434654235839844,0.09,Fail
thaninabar joint fixed depositai திறக்க முடியுமா?,Yes. Deposit accounts can be opened by an individual in his own name or by more than one individual in their own names., ஆம்,0.5144,0.11111879348754883,0.02,Fail
Can I change the nominees?,In the case of a new deposit the mandate provides provision for nomination. For all other subsequent changes we need a written confirmation from the depositor s. For subsequent changes you could obtain a nomination form the company., In the case of a new deposit the mandate provides provision for nomination. For all other subsequent changes we need a written confirmation from the depositor s. For subsequent changes you could obtain a nomination form the company.,0.9645,0.04485726356506348,1.0,Pass
நான் பரிந்துரைக்கப்பட்டவர்களை மாற்ற முடியுமா?,In the case of a new deposit the mandate provides provision for nomination. For all other subsequent changes we need a written confirmation from the depositor s. For subsequent changes you could obtain a nomination form the company., ஆம். குறைந்தபட்சம் 12 மாதங்களுக்கு நிலையான வைப்புத்தொகையை நீங்கள் செய்யலாம் அல்லது 12 மாதங்களுக்கும் குறைவாக இருந்தால் நீங்கள் சேமிப்புக் கணக்கைத் திறக்கலாம்.,0.9851,0.22524642944335938,0.09,Fail
naan patithutaikapataarkalai maatra mudiuma,In the case of a new deposit the mandate provides provision for nomination. For all other subsequent changes we need a written confirmation from the depositor s. For subsequent changes you could obtain a nomination form the company., Ām. Ṭepāciṭ kaṇakkukaḷai oru taṉi napar taṉatu conta peyaril allatu oṉṟukku mēṟpaṭṭa taṉinaparkaḷ taṅkaḷ peyaril tiṟakkalām.,0.5057,0.056432485580444336,0.16,Fail
nan nomineesai மாற்ற முடியுமா?,In the case of a new deposit the mandate provides provision for nomination. For all other subsequent changes we need a written confirmation from the depositor s. For subsequent changes you could obtain a nomination form the company., இலங்கையில் வசிப்பவராக இருந்து நிரந்தர வதிவிடப் (PR) அல்லது இரட்டைக் குடியுரிமை பெற்ற (இனிமேல் புலம்பெயர்ந்தவர் என குறிப்பிடப்படும்) வேறு நாட்டில் குடியுரிமை பெற்றுள்ள இலங்கைப் பிரஜை ஒருவர் இதற்குத் தகுதியுடையவராவார். புலம்பெயர்ந்தோருக்குச் சொந்தமான அசையும் மற்றும் அசையாச் சொத்தின் உறுதியான மற்றும் அசையா சொத்துக்களை விற்பனை செய்வதன் மூலம் பெறப்பட்ட வருமானம் மற்றும் புலம்பெயர்ந்தவர் மனைவி மற்றும் பெற்றோரிடமிருந்து பெறப்பட்ட பரிசுகளை உள்ளடக்கிய இடம்பெயர்வு கொடுப்பனவு. சொத்துக்களில் விலைமதிப்பற்ற கற்கள் விலைமதிப்பற்ற உலோகங்கள் தனிப்பட்ட நகைகள் மற்றும் பயனாளிகளாக மரபுரிமையாக பெறப்பட்ட தோட்டங்கள் உட்பட இலங்கையில் வைத்திருக்கும் பிற சொத்துக்கள் இருக்கலாம்.,0.606,0.10204863548278809,0.01,Fail
How do make payment for the deposit?,The deposit can be made to your nearest HNB FINANCE Branch by means of Cash; fund transfer directly to a HNB FINANCE designated Bank account or Cheque  bank draft issued in favor of HNB FINANCE PLC,The deposit can be made to your nearest HNB FINANCE Branch by means of Cash; fund transfer directly to a HNB FINANCE designated Bank account or Cheque  bank draft issued in favor of HNB FINANCE PLC,0.9758,0.04430747032165527,1.0,Pass
வைப்புத்தொகைக்கு எவ்வாறு பணம் செலுத்துவது?,The deposit can be made to your nearest HNB FINANCE Branch by means of Cash; fund transfer directly to a HNB FINANCE designated Bank account or Cheque  bank draft issued in favor of HNB FINANCE PLC, ஆம்  வைப்புத்தொகையின் வகையின்படி மூலதன மதிப்பில் 70% முதல் 90% வரையிலான உங்கள் வைப்புத்தொகைக்கு எதிராக கடனுக்கு விண்ணப்பிக்க நீங்கள் தகுதியுடையவர்,0.9855,0.22658967971801758,0.06,Fail
vaipuththokaiku evaru pannam seluththuathu?,The deposit can be made to your nearest HNB FINANCE Branch by means of Cash; fund transfer directly to a HNB FINANCE designated Bank account or Cheque  bank draft issued in favor of HNB FINANCE PLC, Tēvaiyāṉa āvaṇaṅkaḷ (ārampak kaṭṭaṇattiṟku) 1. Calukaik kaṭitam maṟṟum māṇavarukkāṉa aṉumatikkappaṭṭa celavukaḷaik koṇṭa palkalaikkaḻakattāl vaḻaṅkappaṭṭa toṭarpuṭaiya āvaṇaṅkaḷ. 2. Pāspōrṭṭiṉ nakal 3. Pāspōrṭṭiṉ vicā pakkattiṉ nakal. [Ārampak kaṭṭaṇattiṟkut tēvaiyillai] 4. Māṇavar aiṭiyiṉ nakal [toṭakkak kaṭṭaṇattiṟkut tēvaiyillai] 5. Muṟaiyākap pūrtti ceyyappaṭṭa viṇṇappap paṭivam (vaṅkiyāl vaḻaṅkappaṭṭatu),0.5541,0.06213521957397461,0.01,Fail
depositku evaru பணம் செலுத்துவது?,The deposit can be made to your nearest HNB FINANCE Branch by means of Cash; fund transfer directly to a HNB FINANCE designated Bank account or Cheque  bank draft issued in favor of HNB FINANCE PLC, உங்கள் கணக்கு வைத்திருக்கும் கிளைக்கு உங்களின் பாஸ்புக்குடன் சென்று உங்களின் செயலற்ற கணக்கை செயல்படுத்த பணம் எடுக்கவும்.,0.5119,0.11102533340454102,0.08,Fail
What I should do to get my deposit renewed?,The completed renewal notice and the matured term deposit certificate should be sent to us or you may hand over these documents to any of our Branches to issue a new certificate on renewal.,The completed renewal notice and the matured term deposit certificate should be sent to us or you may hand over these documents to any of our Branches to issue a new certificate on renewal.,0.9492,0.04767107963562012,1.0,Pass
எனது வைப்புத்தொகையை புதுப்பிக்க நான் என்ன செய்ய வேண்டும்?,The completed renewal notice and the matured term deposit certificate should be sent to us or you may hand over these documents to any of our Branches to issue a new certificate on renewal., 1. வாகன உபகரணங்களை விற்கும் நபரின் விலைப்பட்டியல் 2. நிறுவனம் அங்கீகரிக்கப்பட்ட மதிப்பிலிருந்து மதிப்பீடு. எங்கள் கிளை நெட்வொர்க் மூலம் மதிப்பீடுகளைப் பெறலாம் (புத்தம் புதிய வாகனம் தவிர). 3. விண்ணப்பதாரர் மற்றும் உத்தரவாததாரர்களின் வருமானச் சான்று. ஆவணங்கள் கிடைக்கவில்லை என்றால்  விவாதங்கள் மற்றும் ஆன்சைட் ஆய்வுகள் மூலம் பெறப்பட்ட வருமானத்தின் அடிப்படையிலான வருமான மதிப்பீட்டை நாங்கள் பரிசீலிக்கலாம் 1. திட்டமிடப்பட்ட வருமான ஆதாரங்களை உறுதிப்படுத்தும் ஆவணங்கள். 2. உபகரண நிதி விஷயத்தில் திட்ட முன்மொழிவுகள். 3. விண்ணப்பதாரர் மற்றும் உத்தரவாததாரர்களின் NIC களின் நகல்கள்,0.9753,0.22800827026367188,0.0,Fail
enathu vaipuththokaiyai puthupika naan ena seiya vendum?,The completed renewal notice and the matured term deposit certificate should be sent to us or you may hand over these documents to any of our Branches to issue a new certificate on renewal., Enta aṟivippum tēvaiyillai.,0.5101,0.0689690113067627,0.11,Fail
enathu depositai renew seiya நான் என்ன seiya vendum?,The completed renewal notice and the matured term deposit certificate should be sent to us or you may hand over these documents to any of our Branches to issue a new certificate on renewal., HNB FINANCE டெபாசிட்டை நிராகரிக்க உரிமை உண்டு.,0.4227,0.08972907066345215,0.06,Fail
