Query,Response
Hi Hello Hey வணக்கம் vanakkam,Hi
What can I do with internet banking? இணைய வங்கி மூலம் நான் என்ன செய்ய முடியும்? Iṇaiya vaṅki mūlam nāṉ eṉṉa ceyya muṭiyum?,1. Balance inquiries (Current Savings Loans) 2. View previous transactions 3. Fund Transfer to Own Account Third part BOC accounts Other bank accounts 4. Bill Payments 5.Balance inquiries 6.Statement Download 7.Get loan schedules 8.Online cheque book request and Stop cheque payments 9.Manage your own fund transfer limit online 10.Communication to Bank through secured email
How can I register for internet banking? இணைய வங்கியில் நான் எவ்வாறு பதிவு செய்வது? iṇaiya vaṅkiyil nāṉ evvāṟu pativu ceyvatu?,1. Visit nearest BOC branch and fill out New Internet and Mobile banking application 2. Download this form and submit the duly filled application to the nearest BOC Branch
Can I use my smart phone or tab to access BOC internet banking? BOC இணைய வங்கி அணுக எனது கைபேசிய பயன்படுத்தலாமா? BOC iṉṭarneṭ pēṅkiṅkai aṇuka eṉatu smārṭ pōṉaip payaṉpaṭuttalāmā?,Yes You can. Download the app from App store or just simply type online.BOC.lk on your mobile browser.
What should I do if I forgot my password? நான் எனது கடவுச்சொல்லை மறந்துவிட்டால் நான் என்ன செய்ய வேண்டும்? Nāṉ eṉatu kaṭavuccollai maṟantuviṭṭāl nāṉ eṉṉa ceyya vēṇṭum?,You can reset your password yourself using Forgot Password link available on login screen.
What should I do if I am locked? நான் பூட்டப்பட்டிருந்தால் நான் என்ன செய்ய வேண்டும்? Nāṉ pūṭṭappaṭṭiruntāl nāṉ eṉṉa ceyya vēṇṭum?,Attempting to login with incorrect password constantly to 3 times will lock the User ID. User Id can be unlocked by using Unlock My User ID link available on login screen.
What should I need to do if phone is lost or mobile number is changed? தொலைபேசி தொலைந்துவிட்டாலோ அல்லது மொபைல் எண் மாற்றப்பட்டாலோ நான் என்ன செய்ய வேண்டும்? Tolaipēci tolaintuviṭṭālō allatu mopail eṇ māṟṟappaṭṭālō nāṉ eṉṉa ceyya vēṇṭum?,Inform immediately to our contact centre on 011 220 4444 to deactivate your User ID. If you change your mobile number please notify the bank in writing of the change and get details updated.
How often I should change the password? நான் எவ்வளவு அடிக்கடி கடவுச்சொல்லை மாற்ற வேண்டும்? Nāṉ evvaḷavu aṭikkaṭi kaṭavuccollai māṟṟa vēṇṭum?,Password will expire after 45 days so you have to change the password before the end of the 45 days period.
Can I transfer funds from my NRFC account to another LKR account? If so what is the applicable exchange rate? எனது NRFC கணக்கிலிருந்து வேறொரு LKR கணக்கிற்கு பணத்தை மாற்ற முடியுமா? அப்படியானால் பொருந்தக்கூடிய மாற்று விகிதம் என்ன? Eṉatu NRFC kaṇakkiliruntu vēṟoru LKR kaṇakkiṟku paṇattai māṟṟa muṭiyumā? Appaṭiyāṉāl  poruntakkūṭiya māṟṟu vikitam eṉṉa?, Yes you can. Prevailing NRFC transfer rate will be applied.
How am I protected? நான் எவ்வாறு பாதுகாக்கப்படுகிறேன்? Nāṉ evvāṟu pātukākkappaṭukiṟēṉ?, 1. Your User ID will be notified via email and password via SMS which you have provided to Bank of Ceylon at the time of registration. 2. Your User ID also can be changed. 3. One Time Password (OTP) will be sent to your mobile for critical transactions such as change password and adding a third party account. Without OTP nobody is able to do such transactions. 4.To reset your password you will have to remember the answers for the security questions.      
Can you Advise on security tips? பாதுகாப்பு உதவிக்குறிப்புகள் குறித்து நீங்கள் ஆலோசனை கூற முடியுமா? Pātukāppu utavikkuṟippukaḷ kuṟittu nīṅkaḷ ālōcaṉai kūṟa muṭiyumā?, 1. Do not reveal your User ID or password to anyone. 2.If you change your mobile number please notify the bank in writing of the change and get new details updated to continue our service. 3. If you have a suspicion that your User ID and password got known by any person while you were logging to the system change your User ID and Password immediately.
What is the minimum requirement to obtain a BOC Credit card? BOC கிரெடிட் கார்டைப் பெறுவதற்கான குறைந்தபட்சத் தேவை என்ன? BOC kireṭiṭ kārṭaip peṟuvataṟkāṉa kuṟaintapaṭcat tēvai eṉṉa?,Anyone who is above 18 years of age and having a net income Rs. 15000  minimum per month.
Can I use my Credit Card as soon as I receive it? எனது கிரெடிட் கார்டைப் பெற்றவுடன் அதைப் பயன்படுத்த முடியுமா? Eṉatu kireṭiṭ kārṭaip peṟṟavuṭaṉ ataip payaṉpaṭutta muṭiyumā?,You have to get your card activated by contacting us on the phone number given at the back of your card.
Why should I have a PIN for the credit card? கிரெடிட் கார்டுக்கு நான் ஏன் பின் வைத்திருக்க வேண்டும்? Kireṭiṭ kārṭukku nāṉ ēṉ piṉ vaittirukka vēṇṭum?,1. For cash withdrawals through ATMs 2. When the credit card being used overseas some countries need the PIN to process credit card transactions.
Can I change my PIN? நான் எனது பின்னை மாற்றலாமா? Nāṉ eṉatu piṉṉai māṟṟalāmā?,You can change your PIN through any BOC ATM. We always advice you to do so.
Am I automatically receiving a new Credit Card before it expired? நான் ஒரு புதிய கிரெடிட் கார்டை காலாவதியாகும் முன் தானாகவே பெறுகிறேனா? Nāṉ oru putiya kireṭiṭ kārṭai kālāvatiyākum muṉ tāṉākavē peṟukiṟēṉā?,You will receive a new Credit Card before 30 days of the expiry date.
Where can I use my Credit Card? எனது கிரெடிட் கார்டை நான் எங்கே பயன்படுத்தலாம்? Eṉatu kireṭiṭ kārṭai nāṉ eṅkē payaṉpaṭuttalām?,1. At any Point of Sale (POS) where merchant accepts Visa   MasterCard Amex 2.For online purchases 3. At ATMs for cash withdrawals (locally or internationally)
Can I use my Credit Card at POS machines belongs to other banks? பிற வங்கிகளுக்கு சொந்தமான பிஓஎஸ் இயந்திரங்களில் எனது கிரெடிட் கார்டை நான் பயன்படுத்தலாமா? piṟa vaṅkikaḷukku contamāṉa pi ō es iyantiraṅkaḷil eṉatu kireṭiṭ kārṭai nāṉ payaṉpaṭuttalāmā?,Yes
What is the CVV number and what is the purpose of it? CVV எண் என்றால் என்ன அதன் நோக்கம் என்ன? CVV eṇ eṉṟāl eṉṉa  ataṉ nōkkam eṉṉa?,1. CVV is the 3 digit number printed on the reverse of your credit card. 2.CVV is useful for online purchases
How can I check my credit card account balance? எனது கிரெடிட் கார்டு கணக்கின் இருப்பை நான் எவ்வாறு சரிபார்க்கலாம்? eṉatu kireṭiṭ kārṭu kaṇakkiṉ iruppai nāṉ evvāṟu caripārkkalām?,Obtain internet banking (ebanking) facility from Bank of Ceylon and view the balance of the card account online. Request for same via any ATM or Call us on the number provided at the back side of your credit card.
How can I increase or decrease my credit limit? எனது கிரெடிட் வரம்பை நான் எவ்வாறு கூட்டுவது அல்லது குறைப்பது? Eṉatu kireṭiṭ varampai nāṉ evvāṟu kūṭṭuvatu allatu kuṟaippatu?, 1. To Increase  Submit the written request together with latest income statements to the Credit Card Issuing Department. 2. To Decrease  Submit the written request to the Credit Card Issuing Department.
How can I close my BOC Credit Card account? எனது BOC கிரெடிட் கார்டு கணக்கை நான் எவ்வாறு மூடுவது? Eṉatu BOC kireṭiṭ kārṭu kaṇakkai nāṉ evvāṟu mūṭuvatu?,Hand over a written request to one of our branches or posted to us after paying all dues with interest together with the card punched or broken to two parts.
How do I change my personal details? எனது தனிப்பட்ட விவரங்களை எவ்வாறு மாற்றுவது? Eṉatu taṉippaṭṭa vivaraṅkaḷai evvāṟu māṟṟuvatu?,Submit a duly signed letter with details of changes.
How can I get my BOC Credit Card Statements? எனது BOC கிரெடிட் கார்டு அறிக்கைகளை நான் எவ்வாறு பெறுவது? Eṉatu BOC kireṭiṭ kārṭu aṟikkaikaḷai nāṉ evvāṟu peṟuvatu?,Monthly statement will be delivered via the post or email.
What is the advantage of SMS alerts? எஸ்எம்எஸ் விழிப்பூட்டல்களின் நன்மை என்ன? Esemes viḻippūṭṭalkaḷiṉ naṉmai eṉṉa?,You can provide us your mobile number to receive SMS alerts for every transaction which allows you to verify the genuineness of the transactions.
What should I do if my credit card is lost or stolen? எனது கிரெடிட் கார்டு தொலைந்துவிட்டாலோ அல்லது திருடப்பட்டாலோ நான் என்ன செய்ய வேண்டும்? Eṉatu kireṭiṭ kārṭu tolaintuviṭṭālō allatu tiruṭappaṭṭālō nāṉ eṉṉa ceyya vēṇṭum?,You should immediately report this to the Card Centre or Call Centre 1975 or 0112204444. Make a record of your credit card numbers and telephone numbers for reporting lost or stolen cards. Keep that list in a safe place.
What should I do if I suspect there has been a fraudulent activity on my Credit Card? எனது கிரெடிட் கார்டில் மோசடியான செயல்பாடு இருப்பதாக நான் சந்தேகித்தால் நான் என்ன செய்ய வேண்டும்? Eṉatu kireṭiṭ kārṭil mōcaṭiyāṉa ceyalpāṭu iruppatāka nāṉ cantēkittāl nāṉ eṉṉa ceyya vēṇṭum?,Call immediately our Call Centre number provided on the reverse of your credit card and inform us of the suspected transaction on your credit card.
How do I set up a standing order to pay my Credit Card account? எனது கிரெடிட் கார்டு கணக்கை செலுத்துவதற்கு நான் எப்படி ஒரு நிலையான ஆணையை அமைப்பது? Eṉatu kireṭiṭ kārṭu kaṇakkai celuttuvataṟku nāṉ eppaṭi oru nilaiyāṉa āṇaiyai amaippatu?, You can visit any of our branches and open an account (if not an account holder of BOC). Thereafter you can submit a Standing Order request to set up a standing order facility for your account.
What do I do if my BOC Credit Card is damaged? எனது BOC கிரெடிட் கார்டு சேதமடைந்தால் நான் என்ன செய்வேன்? Eṉatu BOC kireṭiṭ kārṭu cētamaṭaintāl nāṉ eṉṉa ceyvēṉ?,Inform our Call Centre using the number provided at the reverse of your credit card or Issuing Department and make a request for a replacement Credit Card
Can I use my BOC Credit Card overseas? எனது BOC கிரெடிட் கார்டை நான் வெளிநாடுகளில் பயன்படுத்தலாமா? eṉatu BOC kireṭiṭ kārṭai nāṉ veḷināṭukaḷil payaṉpaṭuttalāmā?,Yes. You can use your BOC credit card at any payment point which accepts Visa and MasterCard as payment networks.
Can I use my BOC Credit Card at any ATM to withdraw cash? எனது BOC கிரெடிட் கார்டை எந்த ஏடிஎம்மிலும் பணம் எடுக்க முடியுமா? Eṉatu BOC kireṭiṭ kārṭai enta ēṭi'em'milum paṇam eṭukka muṭiyumā?,Yes. You can use your BOC credit card at any ATM which accepts Visa and MasterCard to withdraw cash
If I suspect someone has stolen my password or used it to make a fraudulent purchase what should I do? எனது கடவுச்சொல்லை யாரேனும் திருடிவிட்டாலோ அல்லது அதை பயன்படுத்தி மோசடி செய்தாலோ நான் என்ன செய்ய வேண்டும்? eṉatu kaṭavuccollai yārēṉum tiruṭiviṭṭālō allatu atai payaṉpaṭutti mōcaṭi ceytālō nāṉ eṉṉa ceyya vēṇṭum?,You should immediately inform to our Call Centre via the number provided at the back side of your Credit Card and change the password.
Can I use the same User ID and Password I used for Online Banking to log in to the new Digital Banking Platform? புதிய டிஜிட்டல் பேங்கிங் பிளாட்ஃபார்மில் உள்நுழைய ஆன்லைன் பேங்கிங்கிற்கு நான் பயன்படுத்திய அதே பயனர் ஐடி மற்றும் கடவுச்சொல்லைப் பயன்படுத்தலாமா? Putiya ṭijiṭṭal pēṅkiṅ piḷāṭḥpārmil uḷnuḻaiya  āṉlaiṉ pēṅkiṅkiṟku nāṉ payaṉpaṭuttiya atē payaṉar aiṭi maṟṟum kaṭavuccollaip payaṉpaṭuttalāmā?, Yes.  If you have been migrated (transferred) to new ComBank Digital Platform you can use the same User ID and Password you have been using for Online Banking to access the new ComBank Digital platform.
I have already self registered to ComBank Digital. How should I log in? நான் ஏற்கனவே ComBank Digital இல் சுயமாகப் பதிவு செய்துள்ளேன். நான் எப்படி உள்நுழைய வேண்டும்? Nāṉ ēṟkaṉavē ComBank Digital il cuyamākap pativu ceytuḷḷēṉ. Nāṉ eppaṭi uḷnuḻaiya vēṇṭum?, If you have already self registered to ComBank Digital please use the User ID  and the password you have created when registering to ComBank Digital.
I received At least one of the authentication elements you entered was invalid or your account is locked What should I do? நீங்கள் உள்ளிட்ட அங்கீகார உறுப்புகளில் ஏதேனும் ஒன்று தவறானது அல்லது உங்கள் கணக்கு பூட்டப்பட்டுள்ளது நான் என்ன செய்ய வேண்டும்? Nīṅkaḷ uḷḷiṭṭa aṅkīkāra uṟuppukaḷil ētēṉum oṉṟu tavaṟāṉatu allatu uṅkaḷ kaṇakku pūṭṭappaṭṭuḷḷatu nāṉ eṉṉa ceyya vēṇṭum?,First check whether the User Name and Password have been entered correctly (Upper Keys   Lower Keys) Eg If you are a previous Online Banking User who has been upgraded to ComBank Digital you need to type your User ID in CAPITAL LETTERS If you cannot remember your User ID and Password used previously please use Having Trouble Logging in? function.
How can I unblock   Reset my password? எனது கடவுச்சொல்லை மீட்டமைப்பது எப்படி தடையை நீக்குவது? Eṉatu kaṭavuccollai mīṭṭamaippatu eppaṭi taṭaiyai nīkkuvatu?,SelfUnblock facility is available on both Web Version and Mobile App of ComBank Digital. You can either visit the www.combankdigital.com web site or open your Mobile App and click Having trouble logging in? If you are using a Mobile app and you have logged onto the app previously first click Login with another user.
I have changed my mobile number and registered the new mobile number in Online Banking. Yet I do not get OTP to my new mobile number. What should I do? எனது மொபைல் எண்ணை மாற்றி புதிய மொபைல் எண்ணை ஆன்லைன் பேங்கிங்கில் பதிவு செய்துள்ளேன். ஆனாலும் எனது புதிய மொபைல் எண்ணுக்கு OTP வரவில்லை. நான் என்ன செய்ய வேண்டும்? Eṉatu mopail eṇṇai māṟṟi putiya mopail eṇṇai āṉlaiṉ pēṅkiṅkil pativu ceytuḷḷēṉ. Āṉālum eṉatu putiya mopail eṇṇukku OTP varavillai. Nāṉ eṉṉa ceyya vēṇṭum?,If you have provided written request to update your new mobile number in Online Banking platform please contact your Branch and request the number updated in ComBank Digital platform.
How to download a Cyber Receipt? சைபர் ரசீதை பதிவிறக்கம் செய்வது எப்படி? Caipar racītai pativiṟakkam ceyvatu eppaṭi?, 1. Go to SelfManagement from top menu bar and select Online Activity 2.Find the online activity you prefer and click on the arrow key in front of the transaction to download the cyber receipt.
How do you update the contact information? தொடர்புத் தகவலை எவ்வாறு புதுப்பிப்பது? Toṭarput takavalai evvāṟu putuppippatu?, Please contact your branch for instructions on how to update your contact information and the documents you need to provide. 
I have already set up billers and beneficiaries in my Online Banking  platform. How can I access them on ComBank Digital? எனது ஆன்லைன் பேங்கிங் தளத்தில் ஏற்கனவே பில்லர்கள் மற்றும் பயனாளிகளை அமைத்துள்ளேன். ComBank Digital இல் அவற்றை எவ்வாறு அணுகுவது? Eṉatu āṉlaiṉ pēṅkiṅ taḷattil ēṟkaṉavē pillarkaḷ maṟṟum payaṉāḷikaḷai amaittuḷḷēṉ. ComBank Digital il avaṟṟai evvāṟu aṇukuvatu?, 1.Previously Registered Biller Details and Beneficiary details have been saved as a Template in the ComBank Digital Platform 2.Select Transfer   Payments and click Transfers and Payments 3.Click on Select Payment Type and select Choose Template 4.Scroll down to select the desired template from the Select Existing Template drop down.
How can I obtain a receipt for the fund transfer? நிதி பரிமாற்றத்திற்கான ரசீதை நான் எப்படிப் பெறுவது? Niti parimāṟṟattiṟkāṉa racītai nāṉ eppaṭip peṟuvatu?, Please follow the below steps 1. Laptop   Computer or Responsive web Select SelfManagement and then select Online Activity. 2. Mobile apps Select Profile Icon in the landing page and then click on the Online Activity icon in the top of the screen.
How can I get all my proprietorship accounts added to my personal Digital Banking platform? In ComBank Digital platform எனது தனிப்பட்ட டிஜிட்டல் பேங்கிங் பிளாட்ஃபார்மில் எனது அனைத்து உரிமையாளர் கணக்குகளையும் எவ்வாறு சேர்ப்பது? Eṉatu taṉippaṭṭa ṭijiṭṭal pēṅkiṅ piḷāṭḥpārmil eṉatu aṉaittu urimaiyāḷar kaṇakkukaḷaiyum evvāṟu cērppatu?, proprietorship accounts cannot be combined with personal account.
How do I get registered for Online Banking? ஆன்லைன் வங்கிக்கு நான் எவ்வாறு பதிவு செய்வது? Āṉlaiṉ vaṅkikku nāṉ evvāṟu pativu ceyvatu?, 1. Simply click here to register online. 2.You can visit the nearest NTB branch and request for the facility.
What Information is required when I Register for Online Banking? நான் ஆன்லைன் வங்கிக்கு பதிவு செய்யும் போது என்ன தகவல் தேவை? Nāṉ āṉlaiṉ vaṅkikku pativu ceyyum pōtu eṉṉa takaval tēvai?, 1. Registered Mobile Number and email address (with the bank) 2. Active Accounts or primary Credit Cards
how do I register online? நான் ஆன்லைனில் எவ்வாறு பதிவு செய்வது? nāṉ āṉlaiṉil evvāṟu pativu ceyvatu?,You can use your Debit card or credit Card issued by Nations Trust Bank with its PIN to register. This will provide you full capability without any restrictions. Please note incase you do not remember the PIN of your credit Card you still can register by entering the security code and the expiry date of the card. However in this case you can only perform own account fund transfers and inquiries only. By calling our 24 * 7 customer service hotline on 094 4711 411 you can get your self enabled for all the options in Nations Online Banking.
Are there any registration or service charges for Online Banking? ஆன்லைன் வங்கிக்கு ஏதேனும் பதிவு அல்லது சேவைக் கட்டணங்கள் உள்ளதா? Āṉlaiṉ vaṅkikku ētēṉum pativu allatu cēvaik kaṭṭaṇaṅkaḷ uḷḷatā?,Please click here to refer the tariff.
What Type of Browsers Can I Use to access Online Banking? ஆன்லைன் வங்கியை அணுக நான் எந்த வகையான உலாவிகளைப் பயன்படுத்தலாம்? Āṉlaiṉ vaṅkiyai aṇuka nāṉ enta vakaiyāṉa ulāvikaḷaip payaṉpaṭuttalām?, 1.Safari 2.Google Chrome 3.Mozilla Firefox 4.Internet Explorer Version 9.0 and above
Who are the service providers available in Online banking bill payments? ஆன்லைன் வங்கி பில் கொடுப்பனவுகளில் கிடைக்கும் சேவை வழங்குநர்கள் யார்? āṉlaiṉ vaṅki pil koṭuppaṉavukaḷil kiṭaikkum cēvai vaḻaṅkunarkaḷ yār?, 1. Colombo Swimming Club 2.Dialog Broadband 3.Dialog GSM 4.Dialog TV 5.Etisalat 6.JK Stock Brokers
How can I delete   edit payee details for Fund transfers? நிதி பரிமாற்றங்களுக்கான எடிட் பணம் பெறுபவர் விவரங்களை நான் எப்படி நீக்குவது? niti parimāṟṟaṅkaḷukkāṉa eṭiṭ paṇam peṟupavar vivaraṅkaḷai nāṉ eppaṭi nīkkuvatu?,Click here to view delete   edit payee details guidelines
Does it allow me to give instructions to send money for a selected date or repeatedly? தேர்ந்தெடுக்கப்பட்ட தேதிக்கு அல்லது மீண்டும் மீண்டும் பணம் அனுப்புவதற்கான வழிமுறைகளை வழங்க இது என்னை அனுமதிக்கிறதா? tērnteṭukkappaṭṭa tētikku allatu mīṇṭum mīṇṭum paṇam aṉuppuvataṟkāṉa vaḻimuṟaikaḷai vaḻaṅka itu eṉṉai aṉumatikkiṟatā?,You can place Standing instructions between NTB and other Banks by using Standing Instruction (One time and recurring) option in the main menu or quick links visible in the Online Banking home page.
How can I settle my Credit card via Online Banking? ஆன்லைன் பேங்கிங் மூலம் எனது கிரெடிட் கார்டை நான் எவ்வாறு செட்டில் செய்வது? Āṉlaiṉ pēṅkiṅ mūlam eṉatu kireṭiṭ kārṭai nāṉ evvāṟu ceṭṭil ceyvatu?,You can carry out the credit card payments to any NTB issued Credit card (except traveler cards) or a card issued by another bank by using the Credit Card Payment on the home page.
What are the NTB Credit Cards that I can check from Online Banking? ஆன்லைன் பேங்கிங் மூலம் நான் சரிபார்க்கக்கூடிய NTB கிரெடிட் கார்டுகள் என்ன? Āṉlaiṉ pēṅkiṅ mūlam nāṉ caripārkkakkūṭiya NTB kireṭiṭ kārṭukaḷ eṉṉa?, 1.American express credit cards 2. Master Credit cards 3. Traveler Cards 4.Supplementary cards 5.Corporate cards
How can I check my loan repayment schedule details from online banking? ஆன்லைன் பேங்கிங் மூலம் எனது கடனைத் திருப்பிச் செலுத்தும் அட்டவணை விவரங்களை எவ்வாறு சரிபார்க்கலாம்? āṉlaiṉ pēṅkiṅ mūlam eṉatu kaṭaṉait tiruppic celuttum aṭṭavaṇai vivaraṅkaḷai evvāṟu caripārkkalām?,Click here to view check loan repayment schedule guidelines.
Is there a way to give nick names to My Accounts? எனது கணக்குகளுக்கு புனைப்பெயர்களை வழங்க வழி உள்ளதா? Eṉatu kaṇakkukaḷukku puṉaippeyarkaḷai vaḻaṅka vaḻi uḷḷatā?,Yes. you can personalize each of your accounts and card by creating a new account name to make it easier for you to identify your Account. You can change the Nickname by selecting the Edit My Profile option under the Logout button.
How soon will payments made on line be realized or processed? ஆன்லைனில் செலுத்தப்படும் பணம் எவ்வளவு விரைவில் செயல்படுத்தப்படும்? Āṉlaiṉil celuttappaṭum paṇam evvaḷavu viraivil ceyalpaṭuttappaṭum?, 1. Bill payments telecommunication billers payment will get updated immediately Utility billers will be processed within 3 working days. 2. Transactions between Own accounts andwithin NTB accounts will be done immediately 3. Money sent to other banks  Money will get credited within 3 minutes to following list of banks and financial institutions Bank of Ceylon Peoples Bank Commercial Bank
What Proof do I receive for the Payments I make via Online Banking? ஆன்லைன் பேங்கிங் மூலம் நான் செலுத்தும் கட்டணங்களுக்கு என்ன ஆதாரம் கிடைக்கும்? Āṉlaiṉ pēṅkiṅ mūlam nāṉ celuttum kaṭṭaṇaṅkaḷukku eṉṉa ātāram kiṭaikkum?,Once you have confirmed your transfer Online Banking will provide you with an electronic receipt that includes all the essential details and the ereceipt will be emailed to your registered email address with the bank.
What if I make a payment to the wrong Payee? Can I cancel or Stop the payment? தவறான பணம் பெறுபவருக்கு நான் பணம் செலுத்தினால் என்ன செய்வது? நான் கட்டணத்தை ரத்து செய்யலாமா அல்லது நிறுத்தலாமா? Tavaṟāṉa paṇam peṟupavarukku nāṉ paṇam celuttiṉāl eṉṉa ceyvatu? Nāṉ kaṭṭaṇattai rattu ceyyalāmā allatu niṟuttalāmā?,You will not be able to stop or cancel payments made immediately (As an exception customers may call the contact center for further assistance on reversals) Any other scheduled or recurring payments may be canceled or modified if done within before the process date by using modify or stop options provided.You can also check the details of the transfer before proceeding. Its a final safeguard for you to check all transfer details on one screen and ensure the transfer is made exactly how youd like.
How far back can I search for transactions on my accounts using Online Banking? ஆன்லைன் வங்கியைப் பயன்படுத்தி எனது கணக்குகளின் பரிவர்த்தனைகளை நான் எவ்வளவு தூரம் தேட முடியும்? Āṉlaiṉ vaṅkiyaip payaṉpaṭutti eṉatu kaṇakkukaḷiṉ parivarttaṉaikaḷai nāṉ evvaḷavu tūram tēṭa muṭiyum?, You will be able to view and access transactions of last 2 years in 7 months blocks
Can I change my Login ID and Password? எனது உள்நுழைவு ஐடி மற்றும் கடவுச்சொல்லை நான் மாற்றலாமா? eṉatu uḷnuḻaivu aiṭi maṟṟum kaṭavuccollai nāṉ māṟṟalāmā?,Yes you can by choosing Edit my Profile and then you can change the user ID to one you prefer provided its not used by some other user. You can do the same with your password.
How can I update my contact details via Online Banking? ஆன்லைன் பேங்கிங் மூலம் எனது தொடர்பு விவரங்களை எவ்வாறு புதுப்பிப்பது? Āṉlaiṉ pēṅkiṅ mūlam eṉatu toṭarpu vivaraṅkaḷai evvāṟu putuppippatu?,You can send your contact information using the Mail box option provided in Online Banking page and new details will get updated within three working days
If I open a new account how soon will it get linked with my Online banking facility? நான் ஒரு புதிய கணக்கைத் திறந்தால் அது எனது ஆன்லைன் வங்கி வசதியுடன் எவ்வளவு விரைவில் இணைக்கப்படும்? Nāṉ oru putiya kaṇakkait tiṟantāl atu eṉatu āṉlaiṉ vaṅki vacatiyuṭaṉ evvaḷavu viraivil iṇaikkappaṭum?,New accounts opened will be automatically linked to the facility at end of the business day.
Do you offer Customer Service assistance if I have more questions and inquiries about Online Banking facility and transactions? ஆன்லைன் பேங்கிங் வசதி மற்றும் பரிவர்த்தனைகள் குறித்து எனக்கு மேலும் கேள்விகள் மற்றும் விசாரணைகள் இருந்தால் வாடிக்கையாளர் சேவை உதவியை வழங்குகிறீர்களா? Āṉlaiṉ pēṅkiṅ vacati maṟṟum parivarttaṉaikaḷ kuṟittu eṉakku mēlum kēḷvikaḷ maṟṟum vicāraṇaikaḷ iruntāl vāṭikkaiyāḷar cēvai utaviyai vaḻaṅkukiṟīrkaḷā?, Yes simply contact our contact Center by calling on 0114711411 or send us an email via Mail box option provided in Online Banking. You could also do so by visiting the nearest NTB branch.
What are the Eligibility criteria to open a Fixed Deposit? நிலையான வைப்புத்தொகையைத் திறப்பதற்கான தகுதிகள் என்ன? Nilaiyāṉa vaipputtokaiyait tiṟappataṟkāṉa takutikaḷ eṉṉa?, 1. A citizen of Sri Lanka above 18 years of age holding a valid National Identity Card (NIC)   valid Passport or Driving License. 2. A Sri Lankan citizen residing temporarily outside Sri Lanka. 3. A person holding dual citizenship. 4. Nonresident who possesses a resident visa.
Other than an individual who else could open a Fixed Deposit? நிலையான வைப்புத்தொகையைத் தொடங்கக்கூடிய ஒரு தனிநபரைத் தவிர? Nilaiyāṉa vaipputtokaiyait toṭaṅkakkūṭiya oru taṉinaparait tavira?, Term Deposit Accounts can be opened by Individuals singly or jointly and in addition it could be opened by Partnership firms Private and Public Limited Companies Specified Associations Societies Trusts.
Can individuals open joint Fixed Deposit? தனிநபர்கள் கூட்டு நிலையான வைப்புத்தொகையைத் திறக்க முடியுமா? Taṉinaparkaḷ kūṭṭu nilaiyāṉa vaipputtokaiyait tiṟakka muṭiyumā?, Yes. Deposit accounts can be opened by an individual in his own name or by more than one individual in their own names.
In case of a jointly held fixed Deposit who could operate the account? கூட்டாக வைத்திருக்கும் நிலையான வைப்புத்தொகைக்கு யார் கணக்கை இயக்க முடியும்? Kūṭṭāka vaittirukkum nilaiyāṉa vaipputtokaikku yār kaṇakkai iyakka muṭiyum?, Operation of Joint Accounts  The Joint Account opened by more than one individual can be operated by a single joint holder if the joint holders have agreed in the mandate under operating instructions (EITHER PARTY OPERATION). If not by more than one individual jointly as specified in the mandate. The change for operating instructions can be modified only with the consent of the joint account holders.
I am a Sri Lankan citizen residing outside of Sri Lanka how can I open an account? நான் இலங்கைக்கு வெளியில் வசிக்கும் இலங்கைப் பிரஜை  நான் எப்படி கணக்கை திறப்பது? Nāṉ ilaṅkaikku veḷiyil vacikkum ilaṅkaip pirajai  nāṉ eppaṭi kaṇakkai tiṟappatu?,You can forward the relevant scanned documents through email and funds could be transferred to one of our designated bank account in Sri Lanka. The original documents will have to be submitted to us subsequently.
Can a holder of a power of attorney sign the deposit application form? பவர் ஆஃப் அட்டர்னி வைத்திருப்பவர் டெபாசிட் விண்ணப்பப் படிவத்தில் கையெழுத்திட முடியுமா? Pavar āḥp aṭṭarṉi vaittiruppavar ṭepāciṭ viṇṇappap paṭivattil kaiyeḻuttiṭa muṭiyumā?, Yes. At the time of opening the account the original power of attorney should be submitted along the copy.
What are the documents needed to open a Fixed Deposit? ஒரு நிலையான வைப்புத்தொகையைத் திறக்கத் தேவையான ஆவணங்கள் என்ன? Oru nilaiyāṉa vaipputtokaiyait tiṟakkat tēvaiyāṉa āvaṇaṅkaḷ eṉṉa?, 1.For individuals  A duly completed Deposit application copy of NIC copy of valid passport copy of driving license if the depositors address differs from the NIC a utility bill or a copy of a bank statement with the current address of the depositor issued within 3 months of the date of deposit and a KYC form (Know Your Customer) 2. For Others Duly completed Deposit application copy of the registration of the entity KYC form of the entity Copies of NICs of Directors Authorized signatories and their individuals KYC forms resolutions  minutes confirming decision taken to place a fixed deposit with HNB FINANCE. Other relevant documents are to be obtained as mentioned in the application form.
Why is the KYC form important? KYC படிவம் ஏன் முக்கியமானது? KYC paṭivam ēṉ mukkiyamāṉatu?,Know Your Customer Form  In order to prevent identity theft identity fraud money laundering terrorist financing. The Central Bank of Sri Lanka has directed all banks and financial institutions to complete a KYC form before opening an account. This involves verifying customers  identity and address by requesting documents that are accepted as relevant proof.
Will this information be confidential? இந்த தகவல் ரகசியமாக இருக்குமா? Inta takaval rakaciyamāka irukkumā?,Yes. under Section 61 of the Finance Business Act No 42 of 2011 strict confidentiality has to be observed by all officers of the company in respect of all customer transactions unless it is required to be disclosed by a Court of law or in compliance with any other written law
What will happen if I do not provide the required KYC information or documents to HNB FINANCE? நான் HNB FINANCE க்கு தேவையான KYC தகவல் அல்லது ஆவணங்களை வழங்கவில்லை என்றால் என்ன நடக்கும்? Nāṉ HNB FINANCE kku tēvaiyāṉa KYC takaval allatu āvaṇaṅkaḷai vaḻaṅkavillai eṉṟāl eṉṉa naṭakkum?,HNB FINANCE will have the right to reject the deposit.
Is there provision for Nomination for a Deposit? ஒரு டெபாசிட்டுக்கான நியமனத்திற்கான ஏற்பாடு உள்ளதா? Oru ṭepāciṭṭukkāṉa niyamaṉattiṟkāṉa ēṟpāṭu uḷḷatā?, Yes. You can nominate any person s as you wish. If you are nominating more than one person you should indicate each persons share. If not we will consider on equal share basis. The full name s of the nominees and their identification numbers such as NIC PP DL should be submitted by the depositor.
Can I change the nominees? நான் பரிந்துரைக்கப்பட்டவர்களை மாற்றலாமா? Nāṉ parinturaikkappaṭṭavarkaḷai māṟṟalāmā?, In the case of a new deposit the mandate provides provision for nomination. For all other subsequent changes we need a written confirmation from the depositor s. For subsequent changes you could obtain a nomination form the company.
In a case of a joint account could any one of the joint holders change the nominee? கூட்டுக் கணக்கு வழக்கில்  கூட்டு வைத்திருப்பவர்களில் யாராவது நாமினியை மாற்ற முடியுமா? Kūṭṭuk kaṇakku vaḻakkil  kūṭṭu vaittiruppavarkaḷil yārāvatu nāmiṉiyai māṟṟa muṭiyumā?,No. In a joint account all joint holders consent is necessary to change the nomination.
In a case of a joint account if one of the joint holders are deceased can the surviving holder s operate the account? கூட்டுக் கணக்கு வழக்கில்  கூட்டு வைத்திருப்பவர்களில் ஒருவர் இறந்துவிட்டால்  எஞ்சியிருப்பவர் கணக்கை இயக்க முடியுமா? Kūṭṭuk kaṇakku vaḻakkil  kūṭṭu vaittiruppavarkaḷil oruvar iṟantuviṭṭāl  eñciyiruppavar kaṇakkai iyakka muṭiyumā?,Yes. The surviving holder s can operate the account without the consent of the nominee. Nominee will come in to effect only in the event of demise of all depositors.
What happens in the case of the death of a depositor? How will the payment be made? டெபாசிட் செய்பவர் இறந்தால் என்ன நடக்கும்? பணம் எவ்வாறு செலுத்தப்படும்? Ṭepāciṭ ceypavar iṟantāl eṉṉa naṭakkum? Paṇam evvāṟu celuttappaṭum?,Upon the submission of the following documents by the nominee payment or transfer could be made to the nominee; 1.Deposit certificate 2.Certified copy of the death certificate of the depositor 3.Identification of the Nominee 4.Duly completed Affidavit by the nominee 5.Instruction letter from the nominee
When I open an account do I get a fixed deposit certificate? நான் கணக்கு தொடங்கும் போது எனக்கு நிலையான வைப்புச் சான்றிதழ் கிடைக்குமா? nāṉ kaṇakku toṭaṅkum pōtu eṉakku nilaiyāṉa vaippuc cāṉṟitaḻ kiṭaikkumā?, Yes. you will be given a certificate with the following information. Deposit account number Date of deposit Date of maturity Value of deposit Names of the depositor s with their identity details Mode of interest payment Terms and conditions governing the deposit.
What happens if I lose or misplace my certificate? எனது சான்றிதழை நான் இழந்தாலோ அல்லது தவறாக இடம் பெற்றாலோ என்ன நடக்கும்? Eṉatu cāṉṟitaḻai nāṉ iḻantālō allatu tavaṟāka iṭam peṟṟālō eṉṉa naṭakkum?,To perform any transaction you need have the certificate. In such instances you could request for a duplicate certificate with the following documents. Request letter from the depositor s duly perfected Affidavit attested by a Notary  JP (A specimen of an affidavit could be obtained from the company)
What are the present rates of interest? தற்போதைய வட்டி விகிதங்கள் என்ன? taṟpōtaiya vaṭṭi vikitaṅkaḷ eṉṉa?, Click here for the present rates of interest.
What happens if the interest rate changes during the contracted deposit period? ஒப்பந்தம் செய்யப்பட்ட டெபாசிட் காலத்தில் வட்டி விகிதம் மாறினால் என்ன நடக்கும்? Oppantam ceyyappaṭṭa ṭepāciṭ kālattil vaṭṭi vikitam māṟiṉāl eṉṉa naṭakkum?, There will be no change to the terms since we are contracted to the rate until its maturity as per current rules.
What are the periods for which deposits are accepted at present? தற்போது டெபாசிட்கள் ஏற்றுக்கொள்ளப்படும் காலங்கள் என்ன? Taṟpōtu ṭepāciṭkaḷ ēṟṟukkoḷḷappaṭum kālaṅkaḷ eṉṉa?, 1. 12 Months 2. 18 Months 3. 24 Months 4. 36 Months 5. 48 6. 60 Months.
Can I make a deposit for a short period? நான் ஒரு குறுகிய காலத்திற்கு டெபாசிட் செய்யலாமா? Nāṉ oru kuṟukiya kālattiṟku ṭepāciṭ ceyyalāmā?,Yes. You could make a fixed deposit for a minimum period of 12 months or if it Is less than 12 months you could open a Savings account.
How do make payment for the deposit? வைப்புத்தொகைக்கு எவ்வாறு பணம் செலுத்துவது? Vaipputtokaikku evvāṟu paṇam celuttuvatu?,The deposit can be made to your nearest HNB FINANCE Branch by means of Cash; fund transfer directly to a HNB FINANCE designated Bank account or Cheque  bank draft issued in favor of HNB FINANCE PLC
Can funds be deposited from time to time as additions to the existing deposits? தற்போதுள்ள வைப்புத்தொகைக்கு கூடுதலாக நிதியை அவ்வப்போது டெபாசிட் செய்ய முடியுமா? Taṟpōtuḷḷa vaipputtokaikku kūṭutalāka nitiyai avvappōtu ṭepāciṭ ceyya muṭiyumā?, Additions part payments could be made only at the date of Maturity. Alternatively you could open a new deposit account.
Can deposits be made by way of cheques issued favoring the depositor or third party and endorsed in favor of HNB FINANCE? டெபாசிட் செய்பவருக்கு அல்லது மூன்றாம் தரப்பினருக்கு ஆதரவாக வழங்கப்பட்ட காசோலைகள் மூலம் டெபாசிட் செய்ய முடியுமா? மற்றும் HNB நிதிக்கு ஆதரவாக ஒப்புதல் அளிக்கப்படுமா? Ṭepāciṭ ceypavarukku allatu mūṉṟām tarappiṉarukku ātaravāka vaḻaṅkappaṭṭa kācōlaikaḷ mūlam ṭepāciṭ ceyya muṭiyumā? Maṟṟum HNB nitikku ātaravāka opputal aḷikkappaṭumā?,Cheques favoring a third party (not the depositor) are not accepted. However uncrossed cheques drawn in favor of the depositor could be accepted. All deposits made by cheques are subject to realization of the proceeds.
Can I withdraw my Fixed Deposit before maturity? முதிர்வுக்கு முன் எனது நிலையான வைப்புத்தொகையை திரும்பப் பெற முடியுமா? Mutirvukku muṉ eṉatu nilaiyāṉa vaipputtokaiyai tirumpap peṟa muṭiyumā?, Yes. You could at any given time. However you could obtain a FD agents Loan without withdrawing your deposit.
Who is eligible to open a Senior Citizens account? மூத்த குடிமக்கள் கணக்கைத் திறக்க யார் தகுதியானவர்கள்? Mūtta kuṭimakkaḷ kaṇakkait tiṟakka yār takutiyāṉavarkaḷ?,Customers who are 60 years of age or above are eligible to obtain a HNB FINANCE Senior Citizens account
Can a joint account be opened with a Senior Citizen where one of the Citizens account holders is below the qualifying age? குடிமக்கள் கணக்கு வைத்திருப்பவர்களில் ஒருவர் தகுதிபெறும் வயதிற்குக் கீழே உள்ள மூத்த குடிமகனுடன் கூட்டுக் கணக்கைத் தொடங்க முடியுமா? kuṭimakkaḷ kaṇakku vaittiruppavarkaḷil oruvar takutipeṟum vayatiṟkuk kīḻē uḷḷa mūtta kuṭimakaṉuṭaṉ kūṭṭuk kaṇakkait toṭaṅka muṭiyumā?,No At the time of opening the account all joint holders must complete the age of 60 Years.
What happens to my account when I reach the age of a Senior Citizen (60 years)? நான் ஒரு மூத்த குடிமகனின் (60 வயது) வயதை அடையும் போது எனது கணக்கிற்கு என்ன நடக்கும்? Nāṉ oru mūtta kuṭimakaṉiṉ (60 vayatu) vayatai aṭaiyum pōtu eṉatu kaṇakkiṟku eṉṉa naṭakkum?,Talk to your customer care officer and you could make necessary changes when renewing   opening a new deposit or savings account.
What other benefits are available for HNB FINANCE Depositors? HNB FINANCE வைப்பாளர்களுக்கு வேறு என்ன நன்மைகள் உள்ளன? HNB FINANCE vaippāḷarkaḷukku vēṟu eṉṉa naṉmaikaḷ uḷḷaṉa?, 1. Loan facilities against the deposit. 2. Letters of guarantee (Bank Guarantees) 3. TR facilities through ATMs . 
Do you pay monthly interest on deposits? வைப்புத்தொகைக்கு நீங்கள் மாதாந்திர வட்டி செலுத்துகிறீர்களா? Vaipputtokaikku nīṅkaḷ mātāntira vaṭṭi celuttukiṟīrkaḷā?, Yes interest can be paid monthly or at maturity
What are the modes by which interest is paid? வட்டி செலுத்தும் முறைகள் என்ன? vaṭṭi celuttum muṟaikaḷ eṉṉa?,As per the instruction given by the depositor the interest payment can be arranged as follows; Payment to the account designated by the customer (E.g. HNB FINANCE Savings account or other bank accounts)
Can you pay interest to the second depositor or a designated person? இரண்டாவது வைப்பாளர் அல்லது நியமிக்கப்பட்ட நபருக்கு வட்டி செலுத்த முடியுமா? iraṇṭāvatu vaippāḷar allatu niyamikkappaṭṭa naparukku vaṭṭi celutta muṭiyumā?,Yes. with the instructions of deposit holder s the interest can be paid either to one of the joint holders or to a third party with a written consent of the deposit account holders.
When do you intimate the maturity of the deposit? வைப்புத்தொகையின் முதிர்ச்சியை நீங்கள் எப்போது தெரிவிக்கிறீர்கள்? Vaipputtokaiyiṉ mutircciyai nīṅkaḷ eppōtu terivikkiṟīrkaḷ?,A computer generated renewal notice is sent 14 days in advance of the maturity date.
What I should do to get my deposit renewed? எனது டெபாசிட்டைப் புதுப்பிக்க நான் என்ன செய்ய வேண்டும்? Eṉatu ṭepāciṭṭaip putuppikka nāṉ eṉṉa ceyya vēṇṭum?,The completed renewal notice and the matured term deposit certificate should be sent to us or you may hand over these documents to any of our Branches to issue a new certificate on renewal.
Are the signatures of all the joint depositors required on the renewal form? புதுப்பித்தல் படிவத்தில் அனைத்து கூட்டு வைப்பாளர்களின் கையொப்பங்கள் தேவையா? Putuppittal paṭivattil aṉaittu kūṭṭu vaippāḷarkaḷiṉ kaiyoppaṅkaḷ tēvaiyā?,This is subject to the operating instructions given at the time of opening the account.
If I do not respond to the renewal notice what will happen to my deposit? புதுப்பித்தல் அறிவிப்புக்கு நான் பதிலளிக்கவில்லை என்றால்  எனது வைப்புத்தொகைக்கு என்ன நடக்கும்? Putuppittal aṟivippukku nāṉ patilaḷikkavillai eṉṟāl eṉatu vaipputtokaikku eṉṉa naṭakkum?,On a Monthly Interest payment fixed Deposit the capital will be renewed automatically with the prevailing interest rate for the same period. And if it is a maturity deposit the capital will be renewed with the accrued interest and will be renewed for the equal period at the prevailing rate.
At maturity how can I withdraw my deposit? முதிர்வு நேரத்தில் எனது வைப்புத்தொகையை நான் எவ்வாறு திரும்பப் பெறுவது? Mutirvu nērattil eṉatu vaipputtokaiyai nāṉ evvāṟu tirumpap peṟuvatu?,You have to surrender the original deposit certificate duly discharged with the payment instructions. 
Do I need to give notice of withdrawal? நான் திரும்பப் பெறுவதற்கான அறிவிப்பை வழங்க வேண்டுமா? Nāṉ tirumpap peṟuvataṟkāṉa aṟivippai vaḻaṅka vēṇṭumā?,No notice of withdrawal is necessary. However In a case of a withdrawal through a branch it is advisable to give one days notice as the payments are processed at a central location.
In case I need money urgently can I withdraw the deposit? எனக்கு அவசரமாக பணம் தேவைப்பட்டால் நான் டெபாசிட்டை திரும்பப் பெறலாமா? Eṉakku avacaramāka paṇam tēvaippaṭṭāl nāṉ ṭepāciṭṭai tirumpap peṟalāmā?,Yes you can. The Deposit could be withdrawn on request of the depositor and at the discretion of the company subject to a discounted interest rate. In a case of a joint account withdrawal will be allowed as per the operating instructions given by the joint holders.
Can I get part payment prematurely? நான் முன்கூட்டியே பணம் பெற முடியுமா? Nāṉ muṉkūṭṭiyē paṇam peṟa muṭiyumā?,Yes. The same procedure is applicable as for a full premature withdrawal. However in such cases the depositor can also consider obtaining a loan up to 90.00% on maturity deposits and up to 70 percentage on monthly deposits of the deposit amount.
Is the signature of one of the depositors sufficient for payment at maturity or prematurely? டெபாசிட் செய்பவர்களில் ஒருவரின் கையொப்பம் முதிர்வு அல்லது முன்கூட்டியே பணம் செலுத்த போதுமானதா? Ṭepāciṭ ceypavarkaḷil oruvariṉ kaiyoppam mutirvu allatu muṉkūṭṭiyē paṇam celutta pōtumāṉatā?,This depends on the operating instructions given at the time of opening of the account as in some cases it could be both all or either party.
Will you allow a loan on the deposit? வைப்புத்தொகையின் மீது நீங்கள் கடனை அனுமதிப்பீர்களா? Vaipputtokaiyiṉ mītu nīṅkaḷ kaṭaṉai aṉumatippīrkaḷā?, Yes  you are eligible to apply for a loan against your deposit ranging from 70% to 90% of the capital value according to the category of the deposit
What notice is necessary to obtain a temporary loan? தற்காலிக கடனைப் பெற என்ன அறிவிப்பு அவசியம்? Taṟkālika kaṭaṉaip peṟa eṉṉa aṟivippu avaciyam?,No notice is necessary.
What are the documents needed to obtain a loan? கடன் பெற என்னென்ன ஆவணங்கள் தேவை? Kaṭaṉ peṟa eṉṉeṉṉa āvaṇaṅkaḷ tēvai?,1. Original Fixed deposit certificate 2. Loan application form signed by the depositor s as per the operating instruction given in the deposit application
Can the loan be repaid in installments? கடனை தவணை முறையில் திருப்பிச் செலுத்த முடியுமா? kaṭaṉai tavaṇai muṟaiyil tiruppic celutta muṭiyumā?,Yes. Until the Maturity of the Deposit takes place the loan can be repaid. Thereafter if you wish the loan balance could be carried forward subject to renewal of the deposit.
What are the advantages of financing through leasing? குத்தகை மூலம் நிதியளிப்பதன் நன்மைகள் என்ன? Kuttakai mūlam nitiyaḷippataṉ naṉmaikaḷ eṉṉa?, 1. Facilities can be obtained much faster than traditional forms of financing 2. Requires less documents 3. Known monthly commitment 4. Frees up bank lines 5. Repayment plans according to your requirement (Structured and Residual Lease Facilities)
What are the types of equipment are financed? என்ன வகையான உபகரணங்கள் நிதியளிக்கப்படுகின்றன? eṉṉa vakaiyāṉa upakaraṇaṅkaḷ nitiyaḷikkappaṭukiṉṟaṉa?,Motor vehicles three wheelers motor cycles tractors construction equipment plant and machinery computers etc.
Are used vehicles equipment financed? பயன்படுத்தப்பட்ட வாகனங்கள் உபகரணங்களுக்கு நிதியளிக்கப்படுகிறதா? Payaṉpaṭuttappaṭṭa vākaṉaṅkaḷ upakaraṇaṅkaḷukku nitiyaḷikkappaṭukiṟatā?, Yes used assets are financed subject to there being an established value for such assets. It is also a necessity for there to be a clearly identifiable owner for such assets.We finance popular vehicles which are up to 20 years old subject to conditions
Who can obtain a lease facility? குத்தகை வசதியை யார் பெறலாம்? Kuttakai vacatiyai yār peṟalām?, Any individual partnership or limited liability company could obtain a facility subject to the financiers assessment of the applicants creditworthiness
Does one have to be a tax payer or a current account holder to be eligible to obtain a lease facility? குத்தகை வசதியைப் பெறுவதற்கு ஒருவர் வரி செலுத்துபவராக அல்லது நடப்புக் கணக்கு வைத்திருப்பவராக இருக்க வேண்டுமா? Kuttakai vacatiyaip peṟuvataṟku oruvar vari celuttupavarāka allatu naṭappuk kaṇakku vaittiruppavarāka irukka vēṇṭumā?, No. These are no pre requisites.
Do you need to pledge assets as collateral? நீங்கள் சொத்துக்களை அடமானமாக வைக்க வேண்டுமா? Nīṅkaḷ cottukkaḷai aṭamāṉamāka vaikka vēṇṭumā?, No. Leasing facilities are generally extended without additional collateral. However there could be instances where additional collateral may be requested for especially when it comes to financing of equipment
What documents do I have to submit when applying for a lease facility? குத்தகை வசதிக்கு விண்ணப்பிக்கும் போது நான் என்ன ஆவணங்களைச் சமர்ப்பிக்க வேண்டும்? Kuttakai vacatikku viṇṇappikkum pōtu nāṉ eṉṉa āvaṇaṅkaḷaic camarppikka vēṇṭum?, 1. Invoice from the person selling the vehicle equipment 2. Valuation from a company approved value. Valuations could be obtained through our branch network (Except Brand New Vehicle). 3. Proof of income of applicant and guarantors. If documents are not available we could still consider based income projected income assessment derived from discussions and onsite inspections 1.Documents certifying confirming sources of projected income. 2. Project proposals in the case of equipment financing. 3. Copies of NICs of the applicant and the guarantors
Can the payment plan be structured to meet my cash flow? எனது பணப்புழக்கத்தைப் பூர்த்தி செய்யும் வகையில் கட்டணத் திட்டத்தைக் கட்டமைக்க முடியுமா? Eṉatu paṇappuḻakkattaip pūrtti ceyyum vakaiyil kaṭṭaṇat tiṭṭattaik kaṭṭamaikka muṭiyumā?, Yes if income is seasonal.
How much would I have to pay as pre payments? முன்பணமாக நான் எவ்வளவு செலுத்த வேண்டும்? Muṉpaṇamāka nāṉ evvaḷavu celutta vēṇṭum?,This would depend on the age of the asset marketability of the asset credit worthiness of the applicant etc.
Can a lease facility be repaid prematurely? குத்தகை வசதியை முன்கூட்டியே திருப்பிச் செலுத்த முடியுமா? Kuttakai vacatiyai muṉkūṭṭiyē tiruppic celutta muṭiyumā?, Yes. There would be a rebate for pre termination.
How long would it take to obtain a lease facility? குத்தகை வசதியைப் பெறுவதற்கு எவ்வளவு காலம் எடுக்கும்? Kuttakai vacatiyaip peṟuvataṟku evvaḷavu kālam eṭukkum?, We are committed to finalizing an application within a day subject to all required information documents being submitted.
Do I have to insure the asset financed? நிதியளிக்கப்பட்ட சொத்தை நான் காப்பீடு செய்ய வேண்டுமா? Nitiyaḷikkappaṭṭa cottai nāṉ kāppīṭu ceyya vēṇṭumā?, Yes the asset financed has to be insured (Full Insurance). Our fully owned subsidiary HNB Assurance will place the insurance with an insurer of your choice who is acceptable to us
Whom do I contact in order to obtain a lease facility? குத்தகை வசதியைப் பெற நான் யாரைத் தொடர்புகொள்வது? Kuttakai vacatiyaip peṟa nāṉ yārait toṭarpukoḷvatu?, Simply call your nearest branch or our customer service hotline on 0112024848 and we will assist you accordingly
Can the rental payments under lease contract be claimed as an allowable expense? குத்தகை ஒப்பந்தத்தின் கீழ் உள்ள வாடகைக் கொடுப்பனவுகளை அனுமதிக்கக்கூடிய செலவாகக் கோர முடியுமா? Kuttakai oppantattiṉ kīḻ uḷḷa vāṭakaik koṭuppaṉavukaḷai aṉumatikkakkūṭiya celavākak kōra muṭiyumā?,The rental could be claimed subject to the asset leased being used to generate income on a liable activity
What benefits do I enjoy if I open a Savings account with HNB FINANCE? நான் HNB FINANCE உடன் சேமிப்புக் கணக்கைத் திறந்தால் என்ன பலன்களை அனுபவிக்கிறேன்? Nāṉ HNB FINANCE uṭaṉ cēmippuk kaṇakkait tiṟantāl eṉṉa palaṉkaḷai aṉupavikkiṟēṉ?,1. You obtain a competitive higher interest rate. 2.You receive an even higher interest when the account balance grows. 3. You can access your account from any of our island wide network of branches. You can also access your account from any HNB ATM. 4. You enjoy free standing order facilities. 5. You select your desired account to suit your requirement. Refer product details on main web page. 6. You can choose to have a pass book.
How can I withdraw money from a savings account? சேமிப்புக் கணக்கிலிருந்து நான் எப்படிப் பணத்தைப் பெறுவது? Cēmippuk kaṇakkiliruntu nāṉ eppaṭip paṇattaip peṟuvatu?, You can withdraw the money from any of the HNB FINANCE Branch counters during office working hours or from HNB ATMs up to a maximum of Rs. 150000 = per day. 24×7 ( HNB FINANCE  HNB network)
Do you charge on ATM Withdrawals? ஏடிஎம் மூலம் பணம் எடுப்பதில் கட்டணம் வசூலிக்கிறீர்களா? ēṭi em mūlam paṇam eṭuppatil kaṭṭaṇam vacūlikkiṟīrkaḷā?, Rs.12 will be charged on withdrawals and Rs. 7 = will be charged on Balance Inquiries. Please be aware that the Company reserves the right to amend any terms or conditions after notice.(These chargers are subject to changes)
Are your Branches Electronically Linked? Yes our branch network is linked which means உங்கள் கிளைகள் மின்னணு முறையில் இணைக்கப்பட்டுள்ளதா? Uṅkaḷ kiḷaikaḷ miṉṉaṇu muṟaiyil iṇaikkappaṭṭuḷḷatā?, if you deposit money from Colombo you could withdraw your money from any HNB FINANCE Branch or vice versa.
How can I make deposits to my savings account? எனது சேமிப்புக் கணக்கில் நான் எவ்வாறு டெபாசிட் செய்வது? Eṉatu cēmippuk kaṇakkil nāṉ evvāṟu ṭepāciṭ ceyvatu?, You can make deposits at any branch counter by cash or cheque. If deposited by cheque the cheque should be drawn in favor of  HNB FINANCE Company PLC O A of Account holders name and account number. If necessary fund transfers could also be arranged
Do I have to maintain a minimum balance in a savings account? நான் சேமிப்புக் கணக்கில் குறைந்தபட்ச இருப்பு வைத்திருக்க வேண்டுமா? nāṉ cēmippuk kaṇakkil kuṟaintapaṭca iruppu vaittirukka vēṇṭumā?,Yes. In a Normal Senior Citizen savings account Rs. 250 = to be maintained and In a Yalu Savings account Rs.250 = and in a Miyulasi Savings account Rs.250 =
Is there a charge if I do not maintain the minimum balance? குறைந்தபட்ச இருப்புத் தொகையை நான் பராமரிக்கவில்லை என்றால் கட்டணம் விதிக்கப்படுமா? Kuṟaintapaṭca irupput tokaiyai nāṉ parāmarikkavillai eṉṟāl kaṭṭaṇam vitikkappaṭumā?,No
How can I obtain an HNB FINANCE ATM Card? நான் எப்படி HNB FINANCE ATM கார்டைப் பெறுவது? nāṉ eppaṭi HNB FINANCE ATM kārṭaip peṟuvatu?,If you are an existing savings account holder (except Yalu) you may forward an application form to any of our branches who will make arrangements to provide you the ATM card within maximum of 5 working days.
What is required to open a HNB FINANCE Yalu Childrens Savings Account? HNB FINANCE யாலு குழந்தைகள் சேமிப்புக் கணக்கைத் திறக்க என்ன தேவை? HNB FINANCE yālu kuḻantaikaḷ cēmippuk kaṇakkait tiṟakka eṉṉa tēvai?, HNB FINANCE Yalu Childrens Savings Account can be opened by a parent or a Legal guardian of a child below the age of 18 year following are the pre requests 1. Account could be open with a maximum deposit of LKR 250 2. A certified copy of the childs Birth Certificate . 3. A certified copy of the Parent  Legal Guardians ID Card  valid PP  DL.
What are the special attractions for HNB FINANCE Yalu childrens savings accounts? HNB FINANCE யாலு குழந்தைகள் சேமிப்புக் கணக்குகளுக்கான சிறப்பு அம்சங்கள் என்ன? HNB FINANCE yālu kuḻantaikaḷ cēmippuk kaṇakkukaḷukkāṉa ciṟappu amcaṅkaḷ eṉṉa?, There are two types of HNB FINANCE Yalu savings accounts Yalu Savings account with gift package  This account includes an attractive interest rate and a gift at account opening and as the account balance grows
What happens when a minor attains the age of consent   majority? ஒரு மைனர் பெரும்பான்மை வயதை அடையும்போது என்ன நடக்கும்? Oru maiṉar perumpāṉmai vayatai aṭaiyumpōtu eṉṉa naṭakkum?, The company will send a letter requesting to convert the status of the account. The parent guardian should make arrangement to forward a new savings application in the name of the Minor turned Major with the signature and a copy of the national identity card
Can parent guardian withdraw the money in a HNB FINANCE Yalu Children savings account? HNB FINANCE யாலு குழந்தைகள் சேமிப்புக் கணக்கில் பெற்றோர் பாதுகாவலர் பணத்தை எடுக்க முடியுமா? HNB FINANCE yālu kuḻantaikaḷ cēmippuk kaṇakkil peṟṟōr pātukāvalar paṇattai eṭukka muṭiyumā?, No. However in the following special circumstances withdrawals are allowed. 1. If there is a necessity for the Childs benefit such as education and medical expenses a written request with proof of documents which satisfies the company will have to be submitted. 2. The balance in a minors account may be transferred upon written instructions of the parent guardian of the minor to an account maintained in the name of the minor in an authorized deposit taking institution upon completion of sixty months from the date of the first deposit or any time thereafter. The transfer should be effected by a cheque drawn in favour of the minor and crossed account payee only
How can I open an account? நான் எப்படி கணக்கை திறப்பது? nāṉ eppaṭi kaṇakkai tiṟappatu?,1. In opening savings accountshould obtain the duly completed account opening application mandate with signature. 2. Should have the identity of the applicant established by means any of the following documents in opening savings accounts. National Identity Card valid passport valid Drivers license Senior Citizens Identity card with an identification number
What should i do when passbook is lost? பாஸ்புக் தொலைந்து போனால் நான் என்ன செய்ய வேண்டும்? Pāspuk tolaintu pōṉāl nāṉ eṉṉa ceyya vēṇṭum?,Customer should be apprised that the bank should be informed immediately in the event the passbook gets lost and that the passbook should not be alienated.Affidavit should provide which attested by a Justice of peace  Commissioner for oath  attorney at law should be independently verified.
How can I apply a personal loan and what are the documents need to submit? தனிநபர் கடனுக்கு நான் எவ்வாறு விண்ணப்பிக்கலாம் மற்றும் சமர்ப்பிக்க வேண்டிய ஆவணங்கள் என்ன? Taṉinapar kaṭaṉukku nāṉ evvāṟu viṇṇappikkalām maṟṟum camarppikka vēṇṭiya āvaṇaṅkaḷ eṉṉa?,Visit nearest Peoples Bank Brach to your permanent residence or works station with following documents. Latest three continuous pay sheets Copy of appointment letter or service certificate
What is the minimum balance that I need to maintain in the Savings Account? சேமிப்புக் கணக்கில் நான் பராமரிக்க வேண்டிய குறைந்தபட்ச இருப்பு எவ்வளவு? cēmippuk kaṇakkil nāṉ parāmarikka vēṇṭiya kuṟaintapaṭca iruppu evvaḷavu?, Rs 1000 
How to open a Minor(Children) account ? மைனர் (குழந்தைகள்) கணக்கை எவ்வாறு திறப்பது? Maiṉar (kuḻantaikaḷ) kaṇakkai evvāṟu tiṟappatu?,The parents or the Gordian of the Minor should complete the relevant forms on his her behalf. However the account should be maintained in the name of the Minor.Birth certificate is mandatory .
How can I activate a Dormant Account? செயலற்ற கணக்கை நான் எவ்வாறு செயல்படுத்துவது? Ceyalaṟṟa kaṇakkai nāṉ evvāṟu ceyalpaṭuttuvatu?, Visit your account holding branch with your passbook and make withdrawal to activate your dormant account.
Are there any minimum and maximum cash withdrawal limits per day? ஒரு நாளைக்கு குறைந்தபட்சம் மற்றும் அதிகபட்சமாக பணம் எடுப்பதற்கான வரம்புகள் ஏதேனும் உள்ளதா? Oru nāḷaikku kuṟaintapaṭcam maṟṟum atikapaṭcamāka paṇam eṭuppataṟkāṉa varampukaḷ ētēṉum uḷḷatā?,No
How can I access the services? நான் எவ்வாறு சேவைகளை அணுகுவது? nāṉ evvāṟu cēvaikaḷai aṇukuvatu?,Access to the Internet Banking Facility (Peoples Web) This can access via the Peoples Bank Website (www.peoplesbank.lk) and thereafter clicking the Internet Banking icon after clicking on the On line Banking Icon Access to the Mobile Banking Facility (Peoples Wave) Peoples Wave app can be downloaded and installed in the mobile phone from Play Store(Applicable only over ANDROID Version 4.4  APPLE (IOS) Version 8.0.) and App Galary (Huawei)
What is OTP? OTP என்றால் என்ன? OTP eṉṟāl eṉṉa?,OTP stands for One Time Password generated by the system. You will receive OTP to your Mobile phone number or email which is registered with the bank.
What is Phishing Image? ஃபிஷிங் இமேஜ் என்றால் என்ன? Ḥpiṣiṅ imēj eṉṟāl eṉṉa?,Phishing images are used to avoid the unauthorized access to your online banking facility. Select image from the list of images as you prefer at the registration and you have to use it once you forget your password.
What is the Phishing phase? ஃபிஷிங் கட்டம் என்றால் என்ன? Ḥpiṣiṅ kaṭṭam eṉṟāl eṉṉa?,Phishing phase should enter at the registration which contains not less than 08 and not more than 40 digits at the discretion of the customer.
How to enter the password ? கடவுச்சொல்லை எவ்வாறு உள்ளிடுவது ? Kaṭavuccollai evvāṟu uḷḷiṭuvatu?,Password should consist 08  12 characters. A minimum of an English Capital letter a simple letter a special symbol and a digit should be included therein.
How to enter the User Name ? பயனர் பெயரை உள்ளிடுவது எப்படி? Payaṉar peyarai uḷḷiṭuvatu eppaṭi?,The User Name should consist between 3 12 English letters and numbers English letters or numbers. Please do not enter any common user name eg SHEHAN
What are process for Registration? பதிவு செய்வதற்கான செயல்முறை என்ன? pativu ceyvataṟkāṉa ceyalmuṟai eṉṉa?, 1. Select the type of the account and enter the account number. 2. Select the type of the Identity Card and enter the Identity Card number. 3.Agreement or nonagreement with the terms and conditions that appear on screen. 4.Select one of the phishing images that appear on screen. Thereafter enter a Personal Phrase 5. Enter password and Reenter the same password 6. Select Access level  Should select Inquiry Full. 7. Should select either SMS or Email as the medium through which the one time password (OTP) will be obtained. 8. Click  Request OTP 9. Insert the OTP received via SMS or Email in the place appearing as OTP in the system and click Continue 10. You shall receive a notification informing whether registration has been successful or has failed.
Is there a fee for this service? இந்த சேவைக்கு கட்டணம் உள்ளதா? Inta cēvaikku kaṭṭaṇam uḷḷatā?, Six months grace period will be offered for the first six months. Thereafter the levying fee for this service is Rs 25  per month.
How do I change my Password? எனது கடவுச்சொல்லை எவ்வாறு மாற்றுவது? Eṉatu kaṭavuccollai evvāṟu māṟṟuvatu?,Go to Settings of the Mobile Banking or the Internet banking to change your password
I cant remember the username .What should I do? பயனர்பெயர் எனக்கு நினைவில் இல்லை .நான் என்ன செய்ய வேண்டும்? Payaṉarpeyar eṉakku niṉaivil illai.Nāṉ eṉṉa ceyya vēṇṭum?,Please contact 1961 or 094112031001 (For overseas customers) Or Visit your nearest branch
I cant remember the password .What should I do? எனக்கு கடவுச்சொல் நினைவில் இல்லை .நான் என்ன செய்ய வேண்டும்? eṉakku kaṭavuccol niṉaivil illai.Nāṉ eṉṉa ceyya vēṇṭum?,Use the Forgot password option in the login screen of the Mobile Banking or the Internet banking
What should I do if I lose my Password? எனது கடவுச்சொல் தொலைந்தால் நான் என்ன செய்ய வேண்டும்? Eṉatu kaṭavuccol tolaintāl nāṉ eṉṉa ceyya vēṇṭum?,Immediately reset your password Using the option in the Settings of the Mobile Banking or the Internet banking to change your password OR Use the option Forgot password in the login screen of the Mobile Banking or the Internet banking to reset your password. OR Contact the Call Center through 1961
How can I view my account estatements? எனது கணக்கு எஸ்டேட்மென்ட்களை நான் எப்படிப் பார்ப்பது? eṉatu kaṇakku esṭēṭmeṉṭkaḷai nāṉ eppaṭip pārppatu?, You can download your own statement through our Internet banking system by following blow the steps HOME > ACCOUNT SERVICES >ACCOUNT SUMMARY > ACCOUNT DETAILS> TRANSACTION PERIOD AND DOWNLOAD> FIND THE STATEMENT IN THE MY FOLDER
Are there any limits to money transfers? பணப் பரிமாற்றங்களுக்கு ஏதேனும் வரம்புகள் உள்ளதா? Paṇap parimāṟṟaṅkaḷukku ētēṉum varampukaḷ uḷḷatā?,No limit to transfer money to own accounts in Peoples Bank If you registered at the facility after December 2020 LKR 100000 is the maximum limit to do fund tralimit is LKR 100000 Per transaction LKR 100000 To increasnsfer to third party accounts other banks and bill payment.
How can I deactivate online banking? ஆன்லைன் வங்கிச் சேவையை நான் எப்படி முடக்குவது? āṉlaiṉ vaṅkic cēvaiyai nāṉ eppaṭi muṭakkuvatu?, Contact the Call Center through 1961 or 094112031001 (For overseas customers)
What are the services facilities are available at ATMs? ஏடிஎம்களில் என்ன சேவை வசதிகள் உள்ளன? Ēṭi'emkaḷil eṉṉa cēvai vacatikaḷ uḷḷaṉa?, 1. Cash Withdrawal 2. Balance Inquiry 3. Cardless Cash Withdrawal 4. Mobile cash withdrawal
Do banks levy any service charge for use of other bank ATMs? மற்ற வங்கி ஏடிஎம்களைப் பயன்படுத்துவதற்கு வங்கிகள் ஏதேனும் சேவைக் கட்டணத்தை விதிக்கின்றனவா? maṟṟa vaṅki ēṭi'emkaḷaip payaṉpaṭuttuvataṟku vaṅkikaḷ ētēṉum cēvaik kaṭṭaṇattai vitikkiṉṟaṉavā?, 1. Cash Withdrawal 2. Balance Inquiry
While performing a transaction does the card automatically come out if the ATM gets switched off? பரிவர்த்தனை செய்யும் போது ஏடிஎம் அணைக்கப்பட்டால் கார்டு தானாகவே வெளியேறுமா? parivarttaṉai ceyyum pōtu ēṭi'em aṇaikkappaṭṭāl kārṭu tāṉākavē veḷiyēṟumā?, Yes
If the ATM gets switched off right before the cash withdrawal does the cash come out when the ATM gets switched on again? பணம் எடுப்பதற்கு முன் ஏடிஎம் அணைக்கப்பட்டால் paṇam eṭuppataṟku muṉ ēṭi'em aṇaikkappaṭṭāl mīṇṭum ēṭi'em āṉ ceyyumpōtu paṇam veḷiyēṟumā?, No
What is the procedure of a Kiosk bill payment reversal? கியோஸ்க் பில் செலுத்தும் முறை என்ன? Kiyōsk pil celuttum muṟai eṉṉa?,Should contact relevant Branch which kiosk is installed
What is the per day limit of 3rd party fund transfer? மூன்றாம் தரப்பு நிதி பரிமாற்றத்தின் ஒரு நாளின் வரம்பு என்ன? Mūṉṟām tarappu niti parimāṟṟattiṉ oru nāḷiṉ varampu eṉṉa?,Kiosk  Rs. 200000  per transaction
How long does it take to update a bill payment? பில் கட்டணத்தை புதுப்பிக்க எவ்வளவு நேரம் ஆகும்? pil kaṭṭaṇattai putuppikka evvaḷavu nēram ākum?,Real Time
Does the bank charge any service fee when performing transactions from the CDM and Kiosk? சிடிஎம் மற்றும் கியோஸ்கில் இருந்து பரிவர்த்தனைகளைச் செய்யும்போது வங்கி ஏதேனும் சேவைக் கட்டணத்தை வசூலிக்கிறதா? ciṭi'em maṟṟum kiyōskil iruntu parivarttaṉaikaḷaic ceyyumpōtu vaṅki ētēṉum cēvaik kaṭṭaṇattai vacūlikkiṟatā?, Kiosk  No CDM Yes for Bill Payments Rs. 10.00
What are the facilities available at CDMs and Kiosk? CDMகள் மற்றும் கியோஸ்கில் என்னென்ன வசதிகள் உள்ளன? CDMkaḷ maṟṟum kiyōskil eṉṉeṉṉa vacatikaḷ uḷḷaṉa?, 1. CDMs. 2. Cash Deposit 3. Bill Payments 4. Kiosk 5. Bill Payment 6. Pawning Payment 7. Fund Transfer 8. Balance Inquiry 9.PIN Change 10. PLC  Insurance Bill payment 11.Send Mobile cash
What is the maximum cash advance limit in ATM? ஏடிஎம்மில் அதிகபட்ச பண முன்பண வரம்பு என்ன? ēṭi'em'mil atikapaṭca paṇa muṉpaṇa varampu eṉṉa?, Rs. 100000.00 per day
How many transactions can be performed by a single card per day in CDM Kiosk? CDM கியோஸ்கில் ஒரு நாளைக்கு ஒரு கார்டு மூலம் எத்தனை பரிவர்த்தனைகள் செய்ய முடியும்? CDM kiyōskil oru nāḷaikku oru kārṭu mūlam ettaṉai parivarttaṉaikaḷ ceyya muṭiyum?, There is No limit  restriction
In an active card the reason why some customers cannot perform transactions for the first time? செயலில் உள்ள கார்டில்  சில வாடிக்கையாளர்கள் முதல் முறையாக பரிவர்த்தனை செய்ய முடியாததற்குக் காரணம் என்ன? ceyalil uḷḷa kārṭil cila vāṭikkaiyāḷarkaḷ mutal muṟaiyāka parivarttaṉai ceyya muṭiyātataṟkuk kāraṇam eṉṉa?,There is no such a issue contact 1961 for any clarification
When the cash get stuck inside the deposit machine how can it be recovered? டெபாசிட் இயந்திரத்தில் பணம் சிக்கியிருந்தால் அதை எவ்வாறு மீட்டெடுப்பது? ṭepāciṭ iyantirattil paṇam cikkiyiruntāl  atai evvāṟu mīṭṭeṭuppatu?,Should contact same Branch
What is the maximum deposit amount per day through CDM? CDM மூலம் ஒரு நாளைக்கு அதிகபட்ச டெபாசிட் தொகை என்ன? CDM mūlam oru nāḷaikku atikapaṭca ṭepāciṭ tokai eṉṉa?,No restriction
Does the bank facilitate card less transaction service? அட்டை குறைவான பரிவர்த்தனை சேவையை வங்கி எளிதாக்குகிறதா? aṭṭai kuṟaivāṉa parivarttaṉai cēvaiyai vaṅki eḷitākkukiṟatā?,Only for EB accounts
How to activate card less transaction service? அட்டை குறைவான பரிவர்த்தனை சேவையை எவ்வாறு செயல்படுத்துவது? aṭṭai kuṟaivāṉa parivarttaṉai cēvaiyai evvāṟu ceyalpaṭuttuvatu?,Should open EB account
What is the maximum amount that can be withdrawn through the card less cash service? கார்டு லெஸ் கேஷ் சர்வீஸ் மூலம் அதிகபட்சமாக எவ்வளவு பணம் எடுக்க முடியும்? kārṭu les kēṣ carvīs mūlam atikapaṭcamāka evvaḷavu paṇam eṭukka muṭiyum?,Rs. 15000.00
What should be done if the ATM issues damaged notes? ATM சேதமடைந்த நோட்டுகளை வழங்கினால் என்ன செய்ய வேண்டும்? ATM cētamaṭainta nōṭṭukaḷai vaḻaṅkiṉāl eṉṉa ceyya vēṇṭum?,Contact same Branch
What if the ATM issues less cash than the amount entered in the ATM? ஏடிஎம்மில் உள்ள தொகையை விட குறைவான பணத்தை ஏடிஎம் வழங்கினால் என்ன செய்வது? Ēṭi'em'mil uḷḷa tokaiyai viṭa kuṟaivāṉa paṇattai ēṭi'em vaḻaṅkiṉāl eṉṉa ceyvatu?,Not happen
What should be done if other bank ATM does not issue cash but the account gets debited? மற்ற வங்கி ஏ.டி.எம்.களில் பணம் வழங்காமல்  கணக்கில் டெபிட் செய்யப்பட்டால் என்ன செய்ய வேண்டும்? maṟṟa vaṅki ē.Ṭi.Em.Kaḷil paṇam vaḻaṅkāmal  kaṇakkil ṭepiṭ ceyyappaṭṭāl eṉṉa ceyya vēṇṭum?,Customer Should contact Peoples Card Center and send a request via email  card@peoplesbank.lk
What should be done if a card gets stuck in the ATM? ஏடிஎம்மில் கார்டு சிக்கினால் என்ன செய்ய வேண்டும்? Ēṭi'em'mil kārṭu cikkiṉāl eṉṉa ceyya vēṇṭum?,Customer should obtain new ATM card
Is it possible to pay peoples bank or other bank credit card payments through CDM or Kiosk? சிடிஎம் அல்லது கியோஸ்க் மூலம் மக்கள் வங்கி அல்லது பிற வங்கி கிரெடிட் கார்டு பணம் செலுத்த முடியுமா? ciṭi'em allatu kiyōsk mūlam makkaḷ vaṅki allatu piṟa vaṅki kireṭiṭ kārṭu paṇam celutta muṭiyumā?,Facility not available right now
What happens to the cash sent through mobile cash service if the beneficiary had lost the pin? பயனாளியின் பின்னை இழந்திருந்தால்  மொபைல் பணச் சேவை மூலம் அனுப்பப்பட்ட பணத்திற்கு என்ன நடக்கும்? Payaṉāḷiyiṉ piṉṉai iḻantiruntāl  mopail paṇac cēvai mūlam aṉuppappaṭṭa paṇattiṟku eṉṉa naṭakkum?, Senders Account will be credited after expiry of 24 hours
Is there a possibility to change credit card pin number from the ATM? ஏடிஎம்மில் இருந்து கிரெடிட் கார்டு பின் எண்ணை மாற்ற வாய்ப்பு உள்ளதா? ēṭi'em'mil iruntu kireṭiṭ kārṭu piṉ eṇṇai māṟṟa vāyppu uḷḷatā?,Yes
How to perform pawning payments through CDM? CDM மூலம் அடகு கொடுப்பனவுகளை எவ்வாறு செய்வது? CDM mūlam aṭaku koṭuppaṉavukaḷai evvāṟu ceyvatu?,Cant be paid via CDMs
What are the pin resert options? பின் ரிசர்ட் விருப்பங்கள் என்ன? piṉ ricarṭ viruppaṅkaḷ eṉṉa?, Pin reset can be done through the branch but they direct customers to the call centre. 
What is the IBAN (International Bank Account Number) of Peoples Bank? Do I need the Banks IBAN to send money to Sri Lanka? மக்கள் வங்கியின் IBAN (சர்வதேச வங்கி கணக்கு எண்) என்ன? இலங்கைக்கு பணம் அனுப்ப வங்கிகள் IBAN தேவையா? Makkaḷ vaṅkiyiṉ IBAN (carvatēca vaṅki kaṇakku eṇ) eṉṉa? Ilaṅkaikku paṇam aṉuppa vaṅkikaḷ IBAN tēvaiyā?,IBAN is not necessarily required to remit money to Sri Lanka and the following information with SWIFT Code is sufficient to send a telegraphic transfer with correct beneficiary details.
How to send Money Abroad for Import Purposes? இறக்குமதி நோக்கங்களுக்காக வெளிநாட்டிற்கு பணத்தை அனுப்புவது எப்படி? Iṟakkumati nōkkaṅkaḷukkāka veḷināṭṭiṟku paṇattai aṉuppuvatu eppaṭi?,Advance Payment Terms  (Cashin Advance)
How to send Money Abroad for Educational Purposes? கல்வி நோக்கங்களுக்காக வெளிநாட்டிற்கு பணத்தை எவ்வாறு அனுப்புவது? Kalvi nōkkaṅkaḷukkāka veḷināṭṭiṟku paṇattai evvāṟu aṉuppuvatu?, Documents Needed (for an initial payment) 1. Offer letter and the relevant documents issued by the University consisting allowable expenses for the student. 2. Copy of the passport 3. Copy of the visa page of the passport.  [Not required for the initial payment] 4. Copy of the Student ID  [Not required for the initial payment] 5. Duly completed Application Form  (Issued by the Bank)
How to send Money Abroad for Migration Purposes? இடம்பெயர்வு நோக்கங்களுக்காக வெளிநாட்டிற்கு பணத்தை எவ்வாறு அனுப்புவது? iṭampeyarvu nōkkaṅkaḷukkāka veḷināṭṭiṟku paṇattai evvāṟu aṉuppuvatu?, A Sri Lanka national who has been a resident of Sri Lanka and has obtained Permanent Residency (PR) or citizenship in another country including a dual citizen (hereinafter referred to as an emigrant) is eligible for the migration allowance which includes proceeds realized from the sale of movable and immovable property tangible and intangible assets owned by the emigrant and gifts received by the emigrant from the spouse and parents. Assets may include the value of precious stones precious metals personal jewellery and other assets held in Sri Lanka including estates inherited as beneficiaries.
How to send Money to Sri Lanka? இலங்கைக்கு பணத்தை அனுப்புவது எப்படி? Ilaṅkaikku paṇattai aṉuppuvatu eppaṭi?, Sending Money to Sri Lanka from Abroad  Inward remittances Peoples Remittance 1. Step into your Remitting Bank  Exchange Company (Peoples eRemittance Agent) 2. Instruct the Remitting Bank Exchange company to send the money to Peoples Bank
What is eRemittance? eRemittance என்றால் என்ன? eRemittance eṉṟāl eṉṉa?, ‘Peoples eRemittance is a webbased product of Peoples Bank supported by the latest technology to facilitate sending remittances to Sri Lanka within minutes. The aim is to offer new technology and system automations to ensure a speedy and smooth customer service.
How to open a PFCA A C? What are the documents needed? PFCA A C ஐ எவ்வாறு திறப்பது? என்ன ஆவணங்கள் தேவை? PFCA A C ai evvāṟu tiṟappatu? Eṉṉa āvaṇaṅkaḷ tēvai?,  Accounts may be opened in the form of a Savings Account  Fixed Deposit Account or current Accounts (Without cheque drawing)
Whar are the eligibility to open a PFCA A C? PFCA A C ஐ திறப்பதற்கான தகுதிகள் என்ன? PFCA A C ai tiṟappataṟkāṉa takutikaḷ eṉṉa?, 1. An individual including a minor who is a Sri Lankan national. 2. An individual of Sri Lankan origin including a minor who is a resident outside Sri Lanka. 3. A nonnational resident in Sri Lanka. 4. A nonnational either on temporary visit to Sri Lanka or intending to visit Sri Lanka. 5. An administrator or executor of the estates of a deceased person who maintained 6. A Personal Foreign Currency Account (PFCA) with that authorized dealer or restricted dealer until the completion of the administration of the deceased persons estate. facility) in any following Designated Foreign Currency. Account Opening Application and FATCA Declaration
How can I purchase Foreign Exchange from the Bank? நான் எப்படி வங்கியில் இருந்து அந்நியச் செலாவணியை வாங்குவது? nāṉ eppaṭi vaṅkiyil iruntu anniyac celāvaṇiyai vāṅkuvatu?,  Foreign Exchange Issuance Encashment Foreign exchange can be obtained by Sri Lankans in currency notes and drafts for travelling purposes educational purposes and migration….etc.The exchange limits will mainly depend on the purpose of the tour complying with the authorization limits imposed by Central Bank.
What are the Documents Needed to purchase Foreign Exchange from the Bank? வங்கியிலிருந்து அந்நியச் செலாவணி வாங்குவதற்குத் தேவையான ஆவணங்கள் என்ன? Vaṅkiyiliruntu anniyac celāvaṇi vāṅkuvataṟkut tēvaiyāṉa āvaṇaṅkaḷ eṉṉa?, 1. Valid Passport 2. Valid Visa for the intended tour. 3. Return Air ticket 4. Duly completed Application Form of the Bank 5. Form 1 of Central Bank  Click here to download
Who are the Remittance Agents of Peoples Bank? மக்கள் வங்கியின் பணம் அனுப்பும் முகவர்கள் யார்? makkaḷ vaṅkiyiṉ paṇam aṉuppum mukavarkaḷ yār?, Refer the List Of Foreign Currency Accounts (Standard Settlement Instructions) here.
How can I contact Representatives of Peoples Bank stationed Abroad? வெளிநாட்டில் உள்ள மக்கள் வங்கியின் பிரதிநிதிகளை நான் எவ்வாறு தொடர்பு கொள்வது? Veḷināṭṭil uḷḷa makkaḷ vaṅkiyiṉ piratinitikaḷai nāṉ evvāṟu toṭarpu koḷvatu?, Refer the List here.
How can I check the status of my credit card application? எனது கிரெடிட் கார்டு விண்ணப்பத்தின் நிலையை நான் எவ்வாறு சரிபார்க்கலாம்? Eṉatu kireṭiṭ kārṭu viṇṇappattiṉ nilaiyai nāṉ evvāṟu caripārkkalām?,You can call us on our Customer service hotline or email us on creditcards@hsbc.com.lk or you may write to us on P.O. Box 73 Colombo.
Ive applied for an HSBC credit card how can I check on the status of this? நான் HSBC கிரெடிட் கார்டுக்கு விண்ணப்பித்துள்ளேன்  இதன் நிலையை நான் எவ்வாறு சரிபார்க்கலாம்? Nāṉ HSBC kireṭiṭ kārṭukku viṇṇappittuḷḷēṉ, You can call us on our Customer service hotline or email us on creditcards@hsbc.com.lk or you may write to us on P.O. Box 73 Colombo with your application reference number or National Identity Card (NIC) Number.
What is the interest free period for a HSBC Credit Card? HSBC கிரெடிட் கார்டுக்கான வட்டியில்லா காலம் என்ன? HSBC kireṭiṭ kārṭukkāṉa vaṭṭiyillā kālam eṉṉa?,The interest free period for your HSBC credit card is from 21 days up to 51 days.
How long will it take to process my HSBC credit card application? எனது HSBC கிரெடிட் கார்டு விண்ணப்பத்தைச் செயல்படுத்த எவ்வளவு நேரம் ஆகும்? Eṉatu HSBC kireṭiṭ kārṭu viṇṇappattaic ceyalpaṭutta evvaḷavu nēram ākum?,Primary card  1 bank working day1   Supplementary card  1 bank working day1
What documentation do I need to provide when applying for an HSBC credit card? HSBC கிரெடிட் கார்டுக்கு விண்ணப்பிக்கும் போது நான் என்ன ஆவணங்களை வழங்க வேண்டும்? HSBC kireṭiṭ kārṭukku viṇṇappikkum pōtu nāṉ eṉṉa āvaṇaṅkaḷai vaḻaṅka vēṇṭum?,Click here to check the required documents 
Will I receive a PIN? நான் பின்னைப் பெறுவேனா? Nāṉ piṉṉaip peṟuvēṉā?,If you wish to obtain a pin a request should be made at the time applying for a credit card.
Can I change my PIN? எனது பின்னை மாற்ற முடியுமா? Eṉatu piṉṉai māṟṟa muṭiyumā?,Yes. You can change your PIN via any HSBC ATM at any given time.
What fees and charges are linked to the credit card? கிரெடிட் கார்டுடன் என்ன கட்டணங்கள் மற்றும் கட்டணங்கள் இணைக்கப்பட்டுள்ளன? Kireṭiṭ kārṭuṭaṉ eṉṉa kaṭṭaṇaṅkaḷ maṟṟum kaṭṭaṇaṅkaḷ iṇaikkappaṭṭuḷḷaṉa?,Primary Annual Fee and For other Fees and Charges please refer the Personal Banking Tariff
How many additional cards can I add to my existing HSBC credit card? எனது தற்போதைய எச்எஸ்பிசி கிரெடிட் கார்டில் எத்தனை கூடுதல் கார்டுகளைச் சேர்க்க முடியும்? eṉatu taṟpōtaiya ecespici kireṭiṭ kārṭil ettaṉai kūṭutal kārṭukaḷaic cērkka muṭiyum?,You can add up to 3 additional cards provided they are your immediate family members.
What is the Card Verification Value (CVV) number? கார்டு சரிபார்ப்பு மதிப்பு (CVV) எண் என்றால் என்ன? Kārṭu caripārppu matippu (CVV) eṇ eṉṟāl eṉṉa?,CVV or Card Verification Value is the three digit number available on the reverse side of your credit card.
Where can I access my HSBC credit card Statements? எனது HSBC கிரெடிட் கார்டு அறிக்கைகளை நான் எங்கு அணுகலாம்? Eṉatu HSBC kireṭiṭ kārṭu aṟikkaikaḷai nāṉ eṅku aṇukalām?,Your monthly statement will be delivered to you via the channel chosen by you. However should you wish to view your statement
How do I register for eStatements? eStatements க்கு நான் எவ்வாறு பதிவு செய்வது? EStatements kku nāṉ evvāṟu pativu ceyvatu?,Click here to check on how to enable eStatements
What should I do if I have lost my HSBC credit card? எனது எச்எஸ்பிசி கிரெடிட் கார்டை தொலைத்துவிட்டால் நான் என்ன செய்ய வேண்டும்? eṉatu ecespici kireṭiṭ kārṭai tolaittuviṭṭāl nāṉ eṉṉa ceyya vēṇṭum?,Report the loss of your credit card immediately to the Bank.
What should I do if I suspect there has been fraudulent activity on my credit card? எனது கிரெடிட் கார்டில் மோசடியான செயல்பாடு இருப்பதாக நான் சந்தேகித்தால் நான் என்ன செய்ய வேண்டும்? Eṉatu kireṭiṭ kārṭil mōcaṭiyāṉa ceyalpāṭu iruppatāka nāṉ cantēkittāl nāṉ eṉṉa ceyya vēṇṭum?,You need to call our 24hr call centre number provided on the reverse of your credit card and inform us of the suspected transaction on your credit card.
How do I set up a direct debit to pay my credit card account? எனது கிரெடிட் கார்டு கணக்கைச் செலுத்த நேரடிப் பற்றுவை எவ்வாறு அமைப்பது? Eṉatu kireṭiṭ kārṭu kaṇakkaic celutta nēraṭip paṟṟuvai evvāṟu amaippatu?,You can visit any of our branches and open a demand deposit account. Thereafter you can submit a request to set up a direct debit for your account via the Branch or via Personal Internet Banking service.
What do I do if my HSBC credit card is damaged? எனது HSBC கிரெடிட் கார்டு சேதமடைந்தால் நான் என்ன செய்வது? Eṉatu HSBC kireṭiṭ kārṭu cētamaṭaintāl nāṉ eṉṉa ceyvatu?,Please call our 24 call centre on the number provided at the reverse of your credit card between 7.00am  9.00pm and request for a replacement credit card.
Will I automatically receive a new HSBC credit card if my existing credit card is about to expire? எனது தற்போதைய கிரெடிட் கார்டு காலாவதியாகிவிட்டால்  நான் தானாகவே புதிய HSBC கிரெடிட் கார்டைப் பெறுவேனா? Eṉatu taṟpōtaiya kireṭiṭ kārṭu kālāvatiyākiviṭṭāl  nāṉ tāṉākavē putiya HSBC kireṭiṭ kārṭaip peṟuvēṉā?,Yes. You will receive a new credit card 30 days prior to the expiry of your existing credit card.
How can I increase or decrease my credit limit? எனது கிரெடிட் வரம்பை நான் எப்படி கூட்டுவது அல்லது குறைப்பது? Eṉatu kireṭiṭ varampai nāṉ eppaṭi kūṭṭuvatu allatu kuṟaippatu?,Please call our 24 call centre on the number provided on the reverse of your credit card and submit a request for same.
Can I use my HSBC credit card overseas? நான் எனது HSBC கிரெடிட் கார்டை வெளிநாட்டில் பயன்படுத்தலாமா? Nāṉ eṉatu HSBC kireṭiṭ kārṭai veḷināṭṭil payaṉpaṭuttalāmā?,Yes. You can use your HSBC Credit Card overseas by informing the bank to update the travel details.
Can I use my HSBC credit card at any ATM to withdraw cash? எனது எச்எஸ்பிசி கிரெடிட் கார்டை எந்த ஏடிஎம்மிலும் பணத்தை எடுக்க முடியுமா? Eṉatu ecespici kireṭiṭ kārṭai enta ēṭi'em'milum paṇattai eṭukka muṭiyumā?,Yes. You can use your HSBC credit card at any ATM which is on the Visa network to withdraw cash.
What is the maximum amount I can withdraw from an ATM? ஏடிஎம்மில் இருந்து நான் எடுக்கக்கூடிய அதிகபட்சத் தொகை என்ன? Ēṭi'em'mil iruntu nāṉ eṭukkakkūṭiya atikapaṭcat tokai eṉṉa?,HSBC Premier  LKR 200000 
How can I close my HSBC credit card account? எனது HSBC கிரெடிட் கார்டு கணக்கை நான் எப்படி மூடுவது? eṉatu HSBC kireṭiṭ kārṭu kaṇakkai nāṉ eppaṭi mūṭuvatu?,A written request can be handed over to our branches or posted to us (P.O Box 73 Colombo). You can also submit a request via personal internet banking or by calling our hotline number which is mentioned on the back of your credit card.
How do I change my personal details? எனது தனிப்பட்ட விவரங்களை எவ்வாறு மாற்றுவது? Eṉatu taṉippaṭṭa vivaraṅkaḷai evvāṟu māṟṟuvatu?,A written request can be handed over to our branches or posted to us (P.O. Box 73 Colombo). You can also submit a request via Personal Internet Banking (contact centre) or by calling the number given at the reverse of your credit card.
How do I make an HSBC credit card insurance claim? எச்எஸ்பிசி கிரெடிட் கார்டு இன்சூரன்ஸ் க்ளெய்மை எப்படி செய்வது? Ecespici kireṭiṭ kārṭu iṉcūraṉs kḷeymai eppaṭi ceyvatu?,Eligible customer need to contact the insurance company direct for any claims.
I cant remember my PIN what should I do? நான் என்ன செய்ய வேண்டும் என் PIN நினைவில் இல்லை? Nāṉ eṉṉa ceyya vēṇṭum eṉ PIN niṉaivil illai?,A written request can be handed over to our branches or posted to us (P.O. Box 73 Colombo). You can also submit a request via Personal Internet Banking (contact centre) or by calling the number given at the reverse of your credit card.
How do I query a transaction on my credit card statement? எனது கிரெடிட் கார்டு அறிக்கையில் ஒரு பரிவர்த்தனையை நான் எப்படி வினவுவது? Eṉatu kireṭiṭ kārṭu aṟikkaiyil oru parivarttaṉaiyai nāṉ eppaṭi viṉavuvatu?,A written request can be handed over to our branches or posted to us (P.O. Box 73 Colombo). You can also submit a request via Personal Internet Banking (contact centre) or by calling the number given at the reverse of your credit card.
How can I stop a recurring credit card transaction? தொடர்ச்சியான கிரெடிட் கார்டு பரிவர்த்தனையை நான் எப்படி நிறுத்துவது? Toṭarcciyāṉa kireṭiṭ kārṭu parivarttaṉaiyai nāṉ eppaṭi niṟuttuvatu?,A written request can be handed over to our branches or posted to us (P.O. Box 73 Colombo). You can also submit a request via Personal Internet Banking (contact centre) or by calling the number given at the reverse of your credit card.
